time_window,dominant_topic,topic_label,topic_confidence,topic_volume,topic_sentiment_sum,topic_sentiment_mean,avg_topic_probability,negative_count,neutral_count,positive_count,sentiment_primary_count,technical_context_count,reddit_count,news_count,cve_count,total_window_volume,topic_volume_share
2025-12-16 00:00:00+00:00,3,Memory Exploitation / Buffer & Heap Bugs,high,2,-0.11950000000000005,-0.059750000000000025,0.6142551600933075,1,0,1,0,0,0,2,0,2,1.0
2025-12-20 12:00:00+00:00,4,Access Control / Process & API Abuse,medium,1,0.5023,0.5023,0.5190361738204956,0,0,1,0,0,1,0,0,1,1.0
2025-12-22 12:00:00+00:00,0,Network Attacks / Device Access,medium,1,0.9924,0.9924,0.809786856174469,0,0,1,0,0,1,0,0,2,0.5
2025-12-22 12:00:00+00:00,7,Cybersecurity Tools / Generic Discussion,low,1,0.2824,0.2824,0.3401859104633331,0,0,1,0,0,1,0,0,2,0.5
2025-12-27 12:00:00+00:00,1,Command Execution / Payload Delivery,high,1,-0.1531,-0.1531,0.4661798775196075,1,0,0,0,0,1,0,0,1,1.0
2025-12-29 00:00:00+00:00,2,Cybercrime / Fraud / Law Enforcement,medium,1,-0.9999,-0.9999,0.9997087121009828,1,0,0,0,0,1,0,0,1,1.0
2026-01-04 12:00:00+00:00,5,Exploit Tooling / Metasploit / RCE,high,1,0.5256,0.5256,0.988986611366272,0,0,1,0,0,1,0,0,1,1.0
2026-01-10 12:00:00+00:00,6,Security Risk / Exposure Management,medium,1,-0.2846,-0.2846,0.386553406715393,1,0,0,0,0,1,0,0,1,1.0
2026-01-14 12:00:00+00:00,0,Network Attacks / Device Access,medium,1,-0.9887,-0.9887,0.3996020257472992,1,0,0,0,0,0,1,0,4,0.25
2026-01-14 12:00:00+00:00,3,Memory Exploitation / Buffer & Heap Bugs,high,2,1.9965000000000002,0.9982500000000001,0.773422509431839,0,0,2,0,0,0,2,0,4,0.5
2026-01-14 12:00:00+00:00,7,Cybersecurity Tools / Generic Discussion,low,1,-0.3923,-0.3923,0.5718262195587158,1,0,0,0,0,1,0,0,4,0.25
2026-01-26 00:00:00+00:00,3,Memory Exploitation / Buffer & Heap Bugs,high,1,0.9999,0.9999,0.89881831407547,0,0,1,0,0,0,1,0,1,1.0
2026-01-29 12:00:00+00:00,6,Security Risk / Exposure Management,medium,1,0.4767,0.4767,0.8767579197883606,0,0,1,0,0,1,0,0,1,1.0
2026-01-30 00:00:00+00:00,3,Memory Exploitation / Buffer & Heap Bugs,high,1,0.9987,0.9987,0.9995970129966736,0,0,1,0,0,0,1,0,1,1.0
2026-02-02 00:00:00+00:00,7,Cybersecurity Tools / Generic Discussion,low,1,-0.4784,-0.4784,0.7845923900604248,1,0,0,0,0,1,0,0,1,1.0
2026-02-05 00:00:00+00:00,0,Network Attacks / Device Access,medium,1,-0.0258,-0.0258,0.7230010628700256,0,1,0,0,0,0,0,0,1,1.0
2026-02-05 12:00:00+00:00,9,Ransomware / Malware / Email Campaigns,high,1,0.0,0.0,0.8514493107795715,0,1,0,0,0,0,0,0,1,1.0
2026-02-06 00:00:00+00:00,6,Security Risk / Exposure Management,medium,1,0.25,0.25,0.6657498478889465,0,0,1,0,0,0,0,0,2,0.5
2026-02-06 00:00:00+00:00,9,Ransomware / Malware / Email Campaigns,high,1,0.0,0.0,0.6647751927375793,0,1,0,0,0,0,0,0,2,0.5
2026-02-06 12:00:00+00:00,0,Network Attacks / Device Access,medium,1,0.0,0.0,0.415659487247467,0,1,0,0,0,0,0,0,1,1.0
2026-02-07 00:00:00+00:00,0,Network Attacks / Device Access,medium,1,-0.4019,-0.4019,0.90785551071167,1,0,0,0,0,0,0,0,1,1.0
2026-02-07 12:00:00+00:00,7,Cybersecurity Tools / Generic Discussion,low,2,0.0,0.0,0.7292906939983368,0,2,0,0,0,0,0,0,2,1.0
2026-02-08 12:00:00+00:00,4,Access Control / Process & API Abuse,medium,2,-1.2363,-0.61815,0.7467605769634247,2,0,0,0,0,0,0,0,2,1.0
2026-02-09 00:00:00+00:00,5,Exploit Tooling / Metasploit / RCE,high,1,-0.3818,-0.3818,0.7935027480125427,1,0,0,0,0,0,0,0,1,1.0
2026-02-09 12:00:00+00:00,7,Cybersecurity Tools / Generic Discussion,low,1,0.6369,0.6369,0.9204080700874328,0,0,1,0,0,0,0,0,1,1.0
2026-02-10 00:00:00+00:00,2,Cybercrime / Fraud / Law Enforcement,medium,1,-0.4767,-0.4767,0.9303921461105348,1,0,0,0,0,0,0,0,1,1.0
2026-02-10 12:00:00+00:00,0,Network Attacks / Device Access,medium,1,-0.5719,-0.5719,0.7459587454795837,1,0,0,0,0,0,0,0,8,0.125
2026-02-10 12:00:00+00:00,2,Cybercrime / Fraud / Law Enforcement,medium,1,0.0,0.0,0.9449172616004944,0,1,0,0,0,0,0,0,8,0.125
2026-02-10 12:00:00+00:00,4,Access Control / Process & API Abuse,medium,1,0.0,0.0,0.6628137230873108,0,1,0,0,0,0,0,0,8,0.125
2026-02-10 12:00:00+00:00,5,Exploit Tooling / Metasploit / RCE,high,3,-1.1753,-0.39176666666666665,0.6144499878088633,2,1,0,0,0,0,0,0,8,0.375
2026-02-10 12:00:00+00:00,8,Microsoft / Privilege Escalation / Patch Exploitation,high,1,0.6124,0.6124,0.4237183928489685,0,0,1,0,0,0,0,0,8,0.125
2026-02-10 12:00:00+00:00,9,Ransomware / Malware / Email Campaigns,high,1,0.0,0.0,0.9190497398376464,0,1,0,0,0,0,0,0,8,0.125
2026-02-11 00:00:00+00:00,0,Network Attacks / Device Access,medium,1,-0.1027,-0.1027,0.4787940084934234,1,0,0,0,0,0,0,0,10,0.1
2026-02-11 00:00:00+00:00,2,Cybercrime / Fraud / Law Enforcement,medium,3,-2.0961,-0.6987,0.9441068569819132,3,0,0,0,0,0,0,0,10,0.3
2026-02-11 00:00:00+00:00,5,Exploit Tooling / Metasploit / RCE,high,3,-1.6741,-0.5580333333333333,0.8144285480181376,3,0,0,0,0,0,0,0,10,0.3
2026-02-11 00:00:00+00:00,8,Microsoft / Privilege Escalation / Patch Exploitation,high,1,0.0,0.0,0.9182918667793274,0,1,0,0,0,0,0,0,10,0.1
2026-02-11 00:00:00+00:00,9,Ransomware / Malware / Email Campaigns,high,2,-0.8449,-0.42245,0.8271501660346985,2,0,0,0,0,0,0,0,10,0.2
2026-02-11 12:00:00+00:00,0,Network Attacks / Device Access,medium,1,-0.1531,-0.1531,0.9218377470970154,1,0,0,0,0,0,0,0,3,0.3333333333333333
2026-02-11 12:00:00+00:00,2,Cybercrime / Fraud / Law Enforcement,medium,2,-1.0206,-0.5103,0.8174464106559753,2,0,0,0,0,0,0,0,3,0.6666666666666666
2026-02-12 00:00:00+00:00,0,Network Attacks / Device Access,medium,2,-1.0684,-0.5342,0.6430549621582031,2,0,0,0,0,0,0,0,5,0.4
2026-02-12 00:00:00+00:00,7,Cybersecurity Tools / Generic Discussion,low,1,0.0,0.0,0.7975576519966125,0,1,0,0,0,0,0,0,5,0.2
2026-02-12 00:00:00+00:00,8,Microsoft / Privilege Escalation / Patch Exploitation,high,2,0.0,0.0,0.7270080149173737,0,2,0,0,0,0,0,0,5,0.4
2026-02-12 12:00:00+00:00,2,Cybercrime / Fraud / Law Enforcement,medium,1,0.0,0.0,0.7961588501930237,0,1,0,0,0,0,0,0,3,0.3333333333333333
2026-02-12 12:00:00+00:00,6,Security Risk / Exposure Management,medium,1,0.1779,0.1779,0.4965072572231293,0,0,1,0,0,0,0,0,3,0.3333333333333333
2026-02-12 12:00:00+00:00,7,Cybersecurity Tools / Generic Discussion,low,1,0.0,0.0,0.7975507974624634,0,1,0,0,0,0,0,0,3,0.3333333333333333
2026-02-13 00:00:00+00:00,0,Network Attacks / Device Access,medium,1,0.0,0.0,0.8012264966964722,0,1,0,0,0,0,0,0,2,0.5
2026-02-13 00:00:00+00:00,8,Microsoft / Privilege Escalation / Patch Exploitation,high,1,0.0,0.0,0.6617441773414612,0,1,0,0,0,0,0,0,2,0.5
2026-02-13 12:00:00+00:00,6,Security Risk / Exposure Management,medium,1,0.4215,0.4215,0.9299095869064332,0,0,1,0,0,0,0,0,1,1.0
2026-02-14 00:00:00+00:00,7,Cybersecurity Tools / Generic Discussion,low,1,0.0,0.0,0.6703343391418457,0,1,0,0,0,0,0,0,2,0.5
2026-02-14 00:00:00+00:00,9,Ransomware / Malware / Email Campaigns,high,1,0.0,0.0,0.8837636113166809,0,1,0,0,0,0,0,0,2,0.5
2026-02-15 00:00:00+00:00,0,Network Attacks / Device Access,medium,1,-0.8834,-0.8834,0.9400337338447572,1,0,0,0,0,0,0,0,1,1.0
2026-02-16 00:00:00+00:00,0,Network Attacks / Device Access,medium,1,0.0,0.0,0.9321433901786804,0,1,0,0,0,0,0,0,2,0.5
2026-02-16 00:00:00+00:00,5,Exploit Tooling / Metasploit / RCE,high,1,-0.1027,-0.1027,0.9043022394180298,1,0,0,0,0,0,0,0,2,0.5
2026-02-16 12:00:00+00:00,5,Exploit Tooling / Metasploit / RCE,high,1,0.0,0.0,0.7231724262237549,0,1,0,0,0,0,0,0,2,0.5
2026-02-16 12:00:00+00:00,6,Security Risk / Exposure Management,medium,1,0.0,0.0,0.4743877649307251,0,1,0,0,0,0,0,0,2,0.5
2026-02-17 00:00:00+00:00,0,Network Attacks / Device Access,medium,1,-0.4767,-0.4767,0.7135231494903564,1,0,0,0,0,0,0,0,2,0.5
2026-02-17 00:00:00+00:00,5,Exploit Tooling / Metasploit / RCE,high,1,-0.25,-0.25,0.9188099503517152,1,0,0,0,0,0,0,0,2,0.5
2026-02-17 12:00:00+00:00,0,Network Attacks / Device Access,medium,3,-0.4767,-0.1589,0.6689719557762146,1,2,0,0,0,0,0,0,6,0.5
2026-02-17 12:00:00+00:00,3,Memory Exploitation / Buffer & Heap Bugs,high,1,-0.6908,-0.6908,0.880744218826294,1,0,0,0,0,0,0,0,6,0.16666666666666666
2026-02-17 12:00:00+00:00,4,Access Control / Process & API Abuse,medium,2,-0.9828,-0.4914,0.7709718346595764,2,0,0,0,0,0,0,0,6,0.3333333333333333
2026-02-18 00:00:00+00:00,2,Cybercrime / Fraud / Law Enforcement,medium,1,0.0,0.0,0.6931695938110352,0,1,0,0,0,0,0,0,2,0.5
2026-02-18 00:00:00+00:00,4,Access Control / Process & API Abuse,medium,1,-0.4404,-0.4404,0.918572962284088,1,0,0,0,0,0,0,0,2,0.5
2026-02-18 12:00:00+00:00,0,Network Attacks / Device Access,medium,1,0.0,0.0,0.9218496680259703,0,1,0,0,0,0,0,0,8,0.125
2026-02-18 12:00:00+00:00,2,Cybercrime / Fraud / Law Enforcement,medium,5,0.0,0.0,0.8654729843139648,0,5,0,0,0,0,0,0,8,0.625
2026-02-18 12:00:00+00:00,4,Access Control / Process & API Abuse,medium,1,-0.1027,-0.1027,0.6706998348236084,1,0,0,0,0,0,0,0,8,0.125
2026-02-18 12:00:00+00:00,6,Security Risk / Exposure Management,medium,1,0.4404,0.4404,0.571763813495636,0,0,1,0,0,0,0,0,8,0.125
2026-02-19 00:00:00+00:00,0,Network Attacks / Device Access,medium,1,-0.7783,-0.7783,0.9646908044815063,1,0,0,0,0,0,0,0,3,0.3333333333333333
2026-02-19 00:00:00+00:00,2,Cybercrime / Fraud / Law Enforcement,medium,1,0.0,0.0,0.7961469888687134,0,1,0,0,0,0,0,0,3,0.3333333333333333
2026-02-19 00:00:00+00:00,8,Microsoft / Privilege Escalation / Patch Exploitation,high,1,0.0,0.0,0.8826899528503418,0,1,0,0,0,0,0,0,3,0.3333333333333333
2026-02-19 12:00:00+00:00,2,Cybercrime / Fraud / Law Enforcement,medium,1,-0.5994,-0.5994,0.9304121732711792,1,0,0,0,0,0,0,0,6,0.16666666666666666
2026-02-19 12:00:00+00:00,3,Memory Exploitation / Buffer & Heap Bugs,high,1,-0.5106,-0.5106,0.880728006362915,1,0,0,0,0,0,0,0,6,0.16666666666666666
2026-02-19 12:00:00+00:00,6,Security Risk / Exposure Management,medium,3,-1.1988,-0.3996,0.6656781037648519,2,1,0,0,0,0,0,0,6,0.5
2026-02-19 12:00:00+00:00,8,Microsoft / Privilege Escalation / Patch Exploitation,high,1,-0.3182,-0.3182,0.6964482665061951,1,0,0,0,0,0,0,0,6,0.16666666666666666
2026-02-20 00:00:00+00:00,0,Network Attacks / Device Access,medium,2,-0.7998999999999999,-0.39994999999999997,0.6791841089725494,2,0,0,0,0,0,0,0,4,0.5
2026-02-20 00:00:00+00:00,2,Cybercrime / Fraud / Law Enforcement,medium,1,0.0,0.0,0.7961469888687134,0,1,0,0,0,0,0,0,4,0.25
2026-02-20 00:00:00+00:00,8,Microsoft / Privilege Escalation / Patch Exploitation,high,1,-0.3094,-0.3094,0.3812992572784424,1,0,0,0,0,0,0,0,4,0.25
2026-02-20 12:00:00+00:00,0,Network Attacks / Device Access,medium,1,-0.5267,-0.5267,0.6795786619186401,1,0,0,0,0,0,0,0,3,0.3333333333333333
2026-02-20 12:00:00+00:00,2,Cybercrime / Fraud / Law Enforcement,medium,1,-0.4767,-0.4767,0.919853687286377,1,0,0,0,0,0,0,0,3,0.3333333333333333
2026-02-20 12:00:00+00:00,4,Access Control / Process & API Abuse,medium,1,-0.34,-0.34,0.4749100506305694,1,0,0,0,0,0,0,0,3,0.3333333333333333
2026-02-21 00:00:00+00:00,0,Network Attacks / Device Access,medium,1,-0.5423,-0.5423,0.9078798890113832,1,0,0,0,0,0,0,0,3,0.3333333333333333
2026-02-21 00:00:00+00:00,2,Cybercrime / Fraud / Law Enforcement,medium,1,0.0,0.0,0.8849345445632935,0,1,0,0,0,0,0,0,3,0.3333333333333333
2026-02-21 00:00:00+00:00,9,Ransomware / Malware / Email Campaigns,high,1,0.0,0.0,0.9378917813301086,0,1,0,0,0,0,0,0,3,0.3333333333333333
2026-02-21 12:00:00+00:00,9,Ransomware / Malware / Email Campaigns,high,1,-0.1027,-0.1027,0.9378905296325684,1,0,0,0,0,0,0,0,1,1.0
2026-02-22 00:00:00+00:00,2,Cybercrime / Fraud / Law Enforcement,medium,2,0.0,0.0,0.7867811322212219,0,2,0,0,0,0,0,0,2,1.0
2026-02-22 12:00:00+00:00,4,Access Control / Process & API Abuse,medium,2,0.0,0.0,0.8668159246444702,0,2,0,0,0,0,0,0,3,0.6666666666666666
2026-02-22 12:00:00+00:00,7,Cybersecurity Tools / Generic Discussion,low,1,0.0,0.0,0.9061317443847656,0,1,0,0,0,0,0,0,3,0.3333333333333333
2026-02-23 12:00:00+00:00,0,Network Attacks / Device Access,medium,2,-1.0308,-0.5154,0.7938390970230103,2,0,0,0,0,0,0,0,3,0.6666666666666666
2026-02-23 12:00:00+00:00,1,Command Execution / Payload Delivery,high,1,0.34,0.34,0.852094829082489,0,0,1,0,0,0,0,0,3,0.3333333333333333
2026-02-24 00:00:00+00:00,2,Cybercrime / Fraud / Law Enforcement,medium,1,0.0,0.0,0.5682522058486938,0,1,0,0,0,0,0,0,1,1.0
2026-02-25 12:00:00+00:00,0,Network Attacks / Device Access,medium,1,-0.6486,-0.6486,0.7607625722885132,1,0,0,0,0,0,0,0,5,0.2
2026-02-25 12:00:00+00:00,1,Command Execution / Payload Delivery,high,1,-0.6808,-0.6808,0.9300041198730468,1,0,0,0,0,0,0,0,5,0.2
2026-02-25 12:00:00+00:00,2,Cybercrime / Fraud / Law Enforcement,medium,2,0.0,0.0,0.7961558699607849,0,2,0,0,0,0,0,0,5,0.4
2026-02-25 12:00:00+00:00,9,Ransomware / Malware / Email Campaigns,high,1,0.0,0.0,0.8837749361991882,0,1,0,0,0,0,0,0,5,0.2
2026-02-26 00:00:00+00:00,2,Cybercrime / Fraud / Law Enforcement,medium,1,-0.25,-0.25,0.574566662311554,1,0,0,0,0,0,0,0,4,0.25
2026-02-26 00:00:00+00:00,4,Access Control / Process & API Abuse,medium,1,0.9996,0.9996,0.9245730638504028,0,0,1,0,0,0,1,0,4,0.25
2026-02-26 00:00:00+00:00,6,Security Risk / Exposure Management,medium,1,0.34,0.34,0.7948009371757507,0,0,1,0,0,0,0,0,4,0.25
2026-02-26 00:00:00+00:00,9,Ransomware / Malware / Email Campaigns,high,1,0.0,0.0,0.7941347360610962,0,1,0,0,0,0,0,0,4,0.25
2026-02-26 12:00:00+00:00,4,Access Control / Process & API Abuse,medium,2,-0.128,-0.064,0.866843968629837,1,1,0,0,0,0,0,0,2,1.0
2026-02-27 00:00:00+00:00,0,Network Attacks / Device Access,medium,2,-0.3377,-0.16885,0.844524472951889,1,0,1,0,0,0,0,0,4,0.5
2026-02-27 00:00:00+00:00,2,Cybercrime / Fraud / Law Enforcement,medium,1,0.0,0.0,0.5512784123420715,0,1,0,0,0,0,0,0,4,0.25
2026-02-27 00:00:00+00:00,5,Exploit Tooling / Metasploit / RCE,high,1,0.0,0.0,0.6637680530548096,0,1,0,0,0,0,0,0,4,0.25
2026-02-27 12:00:00+00:00,0,Network Attacks / Device Access,medium,1,-0.7269,-0.7269,0.9400418400764464,1,0,0,0,0,0,0,0,2,0.5
2026-02-27 12:00:00+00:00,9,Ransomware / Malware / Email Campaigns,high,1,0.0,0.0,0.6647751331329346,0,1,0,0,0,0,0,0,2,0.5
2026-02-28 12:00:00+00:00,0,Network Attacks / Device Access,medium,1,-0.9066,-0.9066,0.9991306066513062,1,0,0,0,0,0,1,0,1,1.0
2026-03-01 00:00:00+00:00,2,Cybercrime / Fraud / Law Enforcement,medium,2,0.0,0.0,0.6679636538028717,0,2,0,0,0,0,0,0,2,1.0
2026-03-02 12:00:00+00:00,0,Network Attacks / Device Access,medium,2,-0.4404,-0.2202,0.9048334360122681,1,1,0,0,0,0,0,0,4,0.5
2026-03-02 12:00:00+00:00,2,Cybercrime / Fraud / Law Enforcement,medium,1,-0.7351,-0.7351,0.6302165389060974,1,0,0,0,0,0,0,0,4,0.25
2026-03-02 12:00:00+00:00,9,Ransomware / Malware / Email Campaigns,high,1,0.0,0.0,0.6647751331329346,0,1,0,0,0,0,0,0,4,0.25
2026-03-03 00:00:00+00:00,5,Exploit Tooling / Metasploit / RCE,high,1,0.0,0.0,0.6637768745422363,0,1,0,0,0,0,0,0,1,1.0
2026-03-03 12:00:00+00:00,6,Security Risk / Exposure Management,medium,1,-0.1406,-0.1406,0.7363606691360474,1,0,0,0,0,1,0,0,1,1.0
2026-03-04 00:00:00+00:00,0,Network Attacks / Device Access,medium,2,-0.803,-0.4015,0.7603627741336823,2,0,0,0,0,0,0,0,7,0.2857142857142857
2026-03-04 00:00:00+00:00,2,Cybercrime / Fraud / Law Enforcement,medium,2,-0.5994,-0.2997,0.7295748889446259,1,1,0,0,0,0,0,0,7,0.2857142857142857
2026-03-04 00:00:00+00:00,3,Memory Exploitation / Buffer & Heap Bugs,high,1,0.0,0.0,0.6559443473815918,0,1,0,0,0,0,0,0,7,0.14285714285714285
2026-03-04 00:00:00+00:00,7,Cybersecurity Tools / Generic Discussion,low,1,-0.6369,-0.6369,0.7495251893997192,1,0,0,0,0,0,0,0,7,0.14285714285714285
2026-03-04 00:00:00+00:00,9,Ransomware / Malware / Email Campaigns,high,1,0.0,0.0,0.6647751331329346,0,1,0,0,0,0,0,0,7,0.14285714285714285
2026-03-04 12:00:00+00:00,7,Cybersecurity Tools / Generic Discussion,low,1,0.0516,0.0516,0.483434110879898,0,0,1,0,0,0,0,0,1,1.0
2026-03-05 00:00:00+00:00,2,Cybercrime / Fraud / Law Enforcement,medium,1,0.9844,0.9844,0.7466859817504883,0,0,1,0,0,1,0,0,4,0.25
2026-03-05 00:00:00+00:00,3,Memory Exploitation / Buffer & Heap Bugs,high,1,0.999,0.999,0.9993919134140016,0,0,1,0,0,0,1,0,4,0.25
2026-03-05 00:00:00+00:00,7,Cybersecurity Tools / Generic Discussion,low,1,-0.34,-0.34,0.9389374256134032,1,0,0,0,0,0,0,0,4,0.25
2026-03-05 00:00:00+00:00,9,Ransomware / Malware / Email Campaigns,high,1,0.0,0.0,0.6647751331329346,0,1,0,0,0,0,0,0,4,0.25
2026-03-05 12:00:00+00:00,0,Network Attacks / Device Access,medium,1,-0.1027,-0.1027,0.907864272594452,1,0,0,0,0,0,0,0,3,0.3333333333333333
2026-03-05 12:00:00+00:00,4,Access Control / Process & API Abuse,medium,1,-0.2023,-0.2023,0.3647334575653076,1,0,0,0,0,0,0,0,3,0.3333333333333333
2026-03-05 12:00:00+00:00,6,Security Risk / Exposure Management,medium,1,0.4215,0.4215,0.4774575531482696,0,0,1,0,0,0,0,0,3,0.3333333333333333
2026-03-06 00:00:00+00:00,5,Exploit Tooling / Metasploit / RCE,high,1,0.0,0.0,0.6637705564498901,0,1,0,0,0,0,0,0,3,0.3333333333333333
2026-03-06 00:00:00+00:00,9,Ransomware / Malware / Email Campaigns,high,2,0.0,0.0,0.7742747962474823,0,2,0,0,0,0,0,0,3,0.6666666666666666
2026-03-06 12:00:00+00:00,0,Network Attacks / Device Access,medium,2,-0.9878,-0.4939,0.914855569601059,2,0,0,0,0,0,0,0,5,0.4
2026-03-06 12:00:00+00:00,2,Cybercrime / Fraud / Law Enforcement,medium,1,0.5267,0.5267,0.5250180959701538,0,0,1,0,0,0,0,0,5,0.2
2026-03-06 12:00:00+00:00,6,Security Risk / Exposure Management,medium,2,0.21540000000000004,0.10770000000000002,0.817330002784729,1,0,1,0,0,0,0,0,5,0.4
2026-03-07 12:00:00+00:00,7,Cybersecurity Tools / Generic Discussion,low,1,-0.4019,-0.4019,0.6486452221870422,1,0,0,0,0,0,0,0,1,1.0
2026-03-08 12:00:00+00:00,1,Command Execution / Payload Delivery,high,2,1.195,0.5975,0.5178025215864182,0,0,2,0,0,0,1,0,3,0.6666666666666666
2026-03-08 12:00:00+00:00,9,Ransomware / Malware / Email Campaigns,high,1,-0.5267,-0.5267,0.9190577268600464,1,0,0,0,0,0,0,0,3,0.3333333333333333
2026-03-09 00:00:00+00:00,1,Command Execution / Payload Delivery,high,1,0.0,0.0,0.6661940813064575,0,1,0,0,0,0,0,0,1,1.0
2026-03-09 12:00:00+00:00,0,Network Attacks / Device Access,medium,1,-0.1224,-0.1224,0.976138949394226,1,0,0,0,0,0,0,0,3,0.3333333333333333
2026-03-09 12:00:00+00:00,4,Access Control / Process & API Abuse,medium,1,0.0,0.0,0.4893059730529785,0,1,0,0,0,0,0,0,3,0.3333333333333333
2026-03-09 12:00:00+00:00,6,Security Risk / Exposure Management,medium,1,0.0,0.0,0.851916491985321,0,1,0,0,0,0,0,0,3,0.3333333333333333
2026-03-10 00:00:00+00:00,9,Ransomware / Malware / Email Campaigns,high,2,0.0,0.0,0.6647751331329346,0,2,0,0,0,0,0,0,2,1.0
2026-03-10 12:00:00+00:00,5,Exploit Tooling / Metasploit / RCE,high,1,0.0,0.0,0.883453905582428,0,1,0,0,0,0,0,0,1,1.0
2026-03-11 00:00:00+00:00,0,Network Attacks / Device Access,medium,1,0.0,0.0,0.9078718423843384,0,1,0,0,0,0,0,0,2,0.5
2026-03-11 00:00:00+00:00,8,Microsoft / Privilege Escalation / Patch Exploitation,high,1,-0.9645,-0.9645,0.5344682931900024,1,0,0,0,0,0,1,0,2,0.5
2026-03-11 12:00:00+00:00,0,Network Attacks / Device Access,medium,2,-1.6899000000000002,-0.8449500000000001,0.9830042123794556,2,0,0,0,0,0,1,0,4,0.5
2026-03-11 12:00:00+00:00,2,Cybercrime / Fraud / Law Enforcement,medium,2,-0.0258,-0.0129,0.7006421238183975,0,2,0,0,0,0,0,0,4,0.5
2026-03-12 00:00:00+00:00,0,Network Attacks / Device Access,medium,2,-0.34580000000000005,-0.17290000000000003,0.9317163527011871,1,0,1,0,0,0,0,0,4,0.5
2026-03-12 00:00:00+00:00,7,Cybersecurity Tools / Generic Discussion,low,1,-0.1027,-0.1027,0.7430611252784729,1,0,0,0,0,0,0,0,4,0.25
2026-03-12 00:00:00+00:00,9,Ransomware / Malware / Email Campaigns,high,1,0.4404,0.4404,0.8514189124107361,0,0,1,0,0,0,0,0,4,0.25
2026-03-12 12:00:00+00:00,2,Cybercrime / Fraud / Law Enforcement,medium,1,0.34,0.34,0.8529114127159119,0,0,1,0,0,0,0,0,2,0.5
2026-03-12 12:00:00+00:00,9,Ransomware / Malware / Email Campaigns,high,1,0.1027,0.1027,0.9696661233901978,0,0,1,0,0,0,0,0,2,0.5
2026-03-13 00:00:00+00:00,5,Exploit Tooling / Metasploit / RCE,high,1,0.0,0.0,0.9295044541358948,0,1,0,0,0,0,0,0,2,0.5
2026-03-13 00:00:00+00:00,6,Security Risk / Exposure Management,medium,1,0.34,0.34,0.6733896136283875,0,0,1,0,0,0,0,0,2,0.5
2026-03-13 12:00:00+00:00,1,Command Execution / Payload Delivery,high,1,0.8718,0.8718,0.5332484245300293,0,0,1,0,0,1,0,0,5,0.2
2026-03-13 12:00:00+00:00,5,Exploit Tooling / Metasploit / RCE,high,1,-0.1027,-0.1027,0.7939459085464478,1,0,0,0,0,0,0,0,5,0.2
2026-03-13 12:00:00+00:00,9,Ransomware / Malware / Email Campaigns,high,3,-0.128,-0.042666666666666665,0.7900827924410502,1,2,0,0,0,0,0,0,5,0.6
2026-03-14 12:00:00+00:00,0,Network Attacks / Device Access,medium,1,0.0,0.0,0.8012157678604126,0,1,0,0,0,0,0,0,1,1.0
2026-03-15 00:00:00+00:00,7,Cybersecurity Tools / Generic Discussion,low,1,-0.5267,-0.5267,0.9203977584838868,1,0,0,0,0,0,0,0,1,1.0
2026-03-16 00:00:00+00:00,5,Exploit Tooling / Metasploit / RCE,high,1,0.0,0.0,0.904286801815033,0,1,0,0,0,0,0,0,1,1.0
2026-03-17 00:00:00+00:00,2,Cybercrime / Fraud / Law Enforcement,medium,1,0.0,0.0,0.6680644154548645,0,1,0,0,0,0,0,0,1,1.0
2026-03-17 12:00:00+00:00,1,Command Execution / Payload Delivery,high,1,0.0,0.0,0.852093517780304,0,1,0,0,0,0,0,0,6,0.16666666666666666
2026-03-17 12:00:00+00:00,4,Access Control / Process & API Abuse,medium,1,0.34,0.34,0.90403014421463,0,0,1,0,0,0,0,0,6,0.16666666666666666
2026-03-17 12:00:00+00:00,5,Exploit Tooling / Metasploit / RCE,high,3,-0.6956,-0.23186666666666667,0.7920353015263876,1,2,0,0,0,0,0,0,6,0.5
2026-03-17 12:00:00+00:00,7,Cybersecurity Tools / Generic Discussion,low,1,0.0,0.0,0.9061353802680968,0,1,0,0,0,0,0,0,6,0.16666666666666666
2026-03-18 00:00:00+00:00,5,Exploit Tooling / Metasploit / RCE,high,1,0.0,0.0,0.851003110408783,0,1,0,0,0,0,0,0,1,1.0
2026-03-18 12:00:00+00:00,2,Cybercrime / Fraud / Law Enforcement,medium,1,-0.7003,-0.7003,0.6504208445549011,1,0,0,0,0,0,0,0,4,0.25
2026-03-18 12:00:00+00:00,4,Access Control / Process & API Abuse,medium,1,-0.8893,-0.8893,0.7279329895973206,1,0,0,0,0,1,0,0,4,0.25
2026-03-18 12:00:00+00:00,5,Exploit Tooling / Metasploit / RCE,high,1,-0.875,-0.875,0.6128492951393127,1,0,0,0,0,0,0,0,4,0.25
2026-03-18 12:00:00+00:00,7,Cybersecurity Tools / Generic Discussion,low,1,-0.4767,-0.4767,0.9308945536613464,1,0,0,0,0,0,0,0,4,0.25
2026-03-19 00:00:00+00:00,4,Access Control / Process & API Abuse,medium,1,0.0,0.0,0.6627241373062134,0,1,0,0,0,0,0,0,2,0.5
2026-03-19 00:00:00+00:00,6,Security Risk / Exposure Management,medium,1,-0.25,-0.25,0.6451365351676941,1,0,0,0,0,0,0,0,2,0.5
2026-03-19 12:00:00+00:00,0,Network Attacks / Device Access,medium,1,-0.7783,-0.7783,0.5520056486129761,1,0,0,0,0,0,0,0,5,0.2
2026-03-19 12:00:00+00:00,2,Cybercrime / Fraud / Law Enforcement,medium,1,0.0,0.0,0.8528966903686523,0,1,0,0,0,0,0,0,5,0.2
2026-03-19 12:00:00+00:00,4,Access Control / Process & API Abuse,medium,1,0.0,0.0,0.7929475903511047,0,1,0,0,0,0,0,0,5,0.2
2026-03-19 12:00:00+00:00,5,Exploit Tooling / Metasploit / RCE,high,1,0.7003,0.7003,0.8834600448608398,0,0,1,0,0,0,0,0,5,0.2
2026-03-19 12:00:00+00:00,6,Security Risk / Exposure Management,medium,1,0.1531,0.1531,0.4796335995197296,0,0,1,0,0,0,0,0,5,0.2
2026-03-20 00:00:00+00:00,0,Network Attacks / Device Access,medium,2,-0.9605,-0.48025,0.8941753804683685,1,1,0,0,0,0,1,0,6,0.3333333333333333
2026-03-20 00:00:00+00:00,1,Command Execution / Payload Delivery,high,1,0.0,0.0,0.6661940813064575,0,1,0,0,0,0,0,0,6,0.16666666666666666
2026-03-20 00:00:00+00:00,2,Cybercrime / Fraud / Law Enforcement,medium,1,0.0,0.0,0.4813753068447113,0,1,0,0,0,0,0,0,6,0.16666666666666666
2026-03-20 00:00:00+00:00,4,Access Control / Process & API Abuse,medium,1,0.504,0.504,0.5093673467636108,0,0,1,0,0,0,0,0,6,0.16666666666666666
2026-03-20 00:00:00+00:00,5,Exploit Tooling / Metasploit / RCE,high,1,0.0,0.0,0.9042940139770508,0,1,0,0,0,0,0,0,6,0.16666666666666666
2026-03-20 12:00:00+00:00,2,Cybercrime / Fraud / Law Enforcement,medium,1,0.0,0.0,0.493456095457077,0,1,0,0,0,0,0,0,3,0.3333333333333333
2026-03-20 12:00:00+00:00,9,Ransomware / Malware / Email Campaigns,high,2,-0.7269,-0.36345,0.696710616350174,1,1,0,0,0,0,0,0,3,0.6666666666666666
2026-03-21 00:00:00+00:00,2,Cybercrime / Fraud / Law Enforcement,medium,1,0.4404,0.4404,0.6212030649185181,0,0,1,0,0,0,0,0,1,1.0
2026-03-21 12:00:00+00:00,0,Network Attacks / Device Access,medium,1,0.0,0.0,0.6762480735778809,0,1,0,0,0,0,0,0,1,1.0
2026-03-22 00:00:00+00:00,4,Access Control / Process & API Abuse,medium,1,0.0,0.0,0.6928132772445679,0,1,0,0,0,0,0,0,1,1.0
2026-03-23 00:00:00+00:00,0,Network Attacks / Device Access,medium,1,-0.3353,-0.3353,0.9078704118728638,1,0,0,0,0,0,0,0,1,1.0
2026-03-23 12:00:00+00:00,0,Network Attacks / Device Access,medium,1,0.0,0.0,0.9400359392166138,0,1,0,0,0,0,0,0,5,0.2
2026-03-23 12:00:00+00:00,2,Cybercrime / Fraud / Law Enforcement,medium,2,0.0,0.0,0.5404685586690903,0,2,0,0,0,0,0,0,5,0.4
2026-03-23 12:00:00+00:00,4,Access Control / Process & API Abuse,medium,2,-1.3788,-0.6894,0.6648367643356323,2,0,0,0,0,0,1,0,5,0.4
2026-03-24 00:00:00+00:00,7,Cybersecurity Tools / Generic Discussion,low,1,0.9142,0.9142,0.440297394990921,0,0,1,0,0,1,0,0,1,1.0
2026-03-24 12:00:00+00:00,0,Network Attacks / Device Access,medium,1,0.1531,0.1531,0.9462875127792358,0,0,1,0,0,0,0,0,5,0.2
2026-03-24 12:00:00+00:00,1,Command Execution / Payload Delivery,high,1,-0.6249,-0.6249,0.5091766119003296,1,0,0,0,0,0,0,0,5,0.2
2026-03-24 12:00:00+00:00,6,Security Risk / Exposure Management,medium,1,-0.6369,-0.6369,0.9193027019500732,1,0,0,0,0,0,0,0,5,0.2
2026-03-24 12:00:00+00:00,7,Cybersecurity Tools / Generic Discussion,low,2,-0.5615,-0.28075,0.7701215744018555,2,0,0,0,0,0,0,0,5,0.4
2026-03-25 12:00:00+00:00,0,Network Attacks / Device Access,medium,3,-1.5497999999999998,-0.5166,0.8556427359580994,3,0,0,0,0,1,0,0,7,0.42857142857142855
2026-03-25 12:00:00+00:00,1,Command Execution / Payload Delivery,high,1,-0.8074,-0.8074,0.929985284805298,1,0,0,0,0,0,0,0,7,0.14285714285714285
2026-03-25 12:00:00+00:00,9,Ransomware / Malware / Email Campaigns,high,3,0.0,0.0,0.7999739646911621,0,3,0,0,0,0,0,0,7,0.42857142857142855
2026-03-26 00:00:00+00:00,4,Access Control / Process & API Abuse,medium,2,0.26470000000000005,0.13235000000000002,0.7331185042858124,1,0,1,0,0,1,0,0,3,0.6666666666666666
2026-03-26 00:00:00+00:00,6,Security Risk / Exposure Management,medium,1,-0.5423,-0.5423,0.5652329325675964,1,0,0,0,0,0,0,0,3,0.3333333333333333
2026-03-26 12:00:00+00:00,0,Network Attacks / Device Access,medium,2,0.46230000000000004,0.23115000000000002,0.6522639691829681,1,0,1,0,0,1,0,0,4,0.5
2026-03-26 12:00:00+00:00,1,Command Execution / Payload Delivery,high,1,0.8954,0.8954,0.5010517239570618,0,0,1,0,0,1,0,0,4,0.25
2026-03-26 12:00:00+00:00,7,Cybersecurity Tools / Generic Discussion,low,1,0.3485,0.3485,0.4156282842159271,0,0,1,0,0,1,0,0,4,0.25
2026-03-27 12:00:00+00:00,0,Network Attacks / Device Access,medium,1,0.0,0.0,0.907880425453186,0,1,0,0,0,0,0,0,11,0.09090909090909091
2026-03-27 12:00:00+00:00,2,Cybercrime / Fraud / Law Enforcement,medium,1,0.6124,0.6124,0.4836128354072571,0,0,1,0,0,0,0,0,11,0.09090909090909091
2026-03-27 12:00:00+00:00,4,Access Control / Process & API Abuse,medium,1,-0.5574,-0.5574,0.7842320203781128,1,0,0,0,0,0,0,0,11,0.09090909090909091
2026-03-27 12:00:00+00:00,5,Exploit Tooling / Metasploit / RCE,high,1,-0.2732,-0.2732,0.92950701713562,1,0,0,0,0,0,0,0,11,0.09090909090909091
2026-03-27 12:00:00+00:00,7,Cybersecurity Tools / Generic Discussion,low,1,0.9279,0.9279,0.9920007586479188,0,0,1,0,0,1,0,0,11,0.09090909090909091
2026-03-27 12:00:00+00:00,8,Microsoft / Privilege Escalation / Patch Exploitation,high,6,0.0,0.0,0.7997524837652842,0,6,0,0,0,0,0,0,11,0.5454545454545454
2026-03-28 00:00:00+00:00,0,Network Attacks / Device Access,medium,1,-0.0772,-0.0772,0.8878034353256226,1,0,0,0,0,0,0,0,1,1.0
2026-03-28 12:00:00+00:00,6,Security Risk / Exposure Management,medium,2,0.5692,0.2846,0.8510497212409973,1,0,1,0,0,2,0,0,4,0.5
2026-03-28 12:00:00+00:00,8,Microsoft / Privilege Escalation / Patch Exploitation,high,2,0.5267,0.26335,0.7558966279029846,0,1,1,0,0,0,0,0,4,0.5
2026-03-29 12:00:00+00:00,1,Command Execution / Payload Delivery,high,1,0.0,0.0,0.6661940813064575,0,1,0,0,0,0,0,0,7,0.14285714285714285
2026-03-29 12:00:00+00:00,4,Access Control / Process & API Abuse,medium,1,0.7952,0.7952,0.6178674697875977,0,0,1,0,0,1,0,0,7,0.14285714285714285
2026-03-29 12:00:00+00:00,6,Security Risk / Exposure Management,medium,2,0.15039999999999998,0.07519999999999999,0.9340009987354279,1,0,1,0,0,0,0,0,7,0.2857142857142857
2026-03-29 12:00:00+00:00,7,Cybersecurity Tools / Generic Discussion,low,2,-0.6808,-0.3404,0.6906414926052094,1,1,0,0,0,0,0,0,7,0.2857142857142857
2026-03-29 12:00:00+00:00,9,Ransomware / Malware / Email Campaigns,high,1,0.9597,0.9597,0.6444072723388672,0,0,1,0,0,1,0,0,7,0.14285714285714285
2026-03-30 00:00:00+00:00,0,Network Attacks / Device Access,medium,1,-0.6124,-0.6124,0.9462929964065552,1,0,0,0,0,0,0,0,3,0.3333333333333333
2026-03-30 00:00:00+00:00,3,Memory Exploitation / Buffer & Heap Bugs,high,1,0.0,0.0,0.6557267308235168,0,1,0,0,0,0,0,0,3,0.3333333333333333
2026-03-30 00:00:00+00:00,6,Security Risk / Exposure Management,medium,1,0.9595,0.9595,0.6357094645500183,0,0,1,0,0,1,0,0,3,0.3333333333333333
2026-03-30 12:00:00+00:00,0,Network Attacks / Device Access,medium,1,-0.743,-0.743,0.9078487753868104,1,0,0,0,0,0,0,0,7,0.14285714285714285
2026-03-30 12:00:00+00:00,2,Cybercrime / Fraud / Law Enforcement,medium,2,0.0,0.0,0.7436888217926025,0,2,0,0,0,0,0,0,7,0.2857142857142857
2026-03-30 12:00:00+00:00,3,Memory Exploitation / Buffer & Heap Bugs,high,2,0.0,0.0,0.6557264029979706,0,2,0,0,0,0,0,0,7,0.2857142857142857
2026-03-30 12:00:00+00:00,5,Exploit Tooling / Metasploit / RCE,high,1,0.0,0.0,0.9295162558555604,0,1,0,0,0,0,0,0,7,0.14285714285714285
2026-03-30 12:00:00+00:00,8,Microsoft / Privilege Escalation / Patch Exploitation,high,1,-0.4215,-0.4215,0.9036811590194702,1,0,0,0,0,0,0,0,7,0.14285714285714285
2026-03-31 00:00:00+00:00,1,Command Execution / Payload Delivery,high,2,0.0,0.0,0.6661834120750427,0,2,0,0,0,0,0,0,7,0.2857142857142857
2026-03-31 00:00:00+00:00,2,Cybercrime / Fraud / Law Enforcement,medium,1,0.296,0.296,0.9198564887046814,0,0,1,0,0,0,0,0,7,0.14285714285714285
2026-03-31 00:00:00+00:00,4,Access Control / Process & API Abuse,medium,2,-1.0074,-0.5037,0.9152064621448517,2,0,0,0,0,0,1,0,7,0.2857142857142857
2026-03-31 00:00:00+00:00,7,Cybersecurity Tools / Generic Discussion,low,1,-0.5719,-0.5719,0.4833832383155823,1,0,0,0,0,0,0,0,7,0.14285714285714285
2026-03-31 00:00:00+00:00,9,Ransomware / Malware / Email Campaigns,high,1,0.0,0.0,0.7940788269042969,0,1,0,0,0,0,0,0,7,0.14285714285714285
2026-03-31 12:00:00+00:00,0,Network Attacks / Device Access,medium,1,0.0,0.0,0.8877888917922974,0,1,0,0,0,0,0,0,7,0.14285714285714285
2026-03-31 12:00:00+00:00,2,Cybercrime / Fraud / Law Enforcement,medium,4,-0.8749,-0.218725,0.727798119187355,2,2,0,0,0,1,0,0,7,0.5714285714285714
2026-03-31 12:00:00+00:00,4,Access Control / Process & API Abuse,medium,1,-0.6486,-0.6486,0.8922763466835022,1,0,0,0,0,0,1,0,7,0.14285714285714285
2026-03-31 12:00:00+00:00,9,Ransomware / Malware / Email Campaigns,high,1,-0.4767,-0.4767,0.634384274482727,1,0,0,0,0,0,0,0,7,0.14285714285714285
2026-04-01 00:00:00+00:00,2,Cybercrime / Fraud / Law Enforcement,medium,1,0.4019,0.4019,0.6920160055160522,0,0,1,0,0,0,0,0,3,0.3333333333333333
2026-04-01 00:00:00+00:00,4,Access Control / Process & API Abuse,medium,1,0.802,0.802,0.8831167221069336,0,0,1,0,0,0,0,0,3,0.3333333333333333
2026-04-01 00:00:00+00:00,6,Security Risk / Exposure Management,medium,1,-0.5267,-0.5267,0.3967918753623962,1,0,0,0,0,0,0,0,3,0.3333333333333333
2026-04-01 12:00:00+00:00,0,Network Attacks / Device Access,medium,2,0.4005,0.20025,0.9321359992027284,0,1,1,0,0,0,0,0,5,0.4
2026-04-01 12:00:00+00:00,4,Access Control / Process & API Abuse,medium,2,-0.9595,-0.47975,0.8228698074817657,1,1,0,0,0,0,1,0,5,0.4
2026-04-01 12:00:00+00:00,9,Ransomware / Malware / Email Campaigns,high,1,-0.1027,-0.1027,0.454343318939209,1,0,0,0,0,1,0,0,5,0.2
2026-04-02 00:00:00+00:00,1,Command Execution / Payload Delivery,high,1,0.0,0.0,0.7950013279914856,0,1,0,0,0,0,0,0,3,0.3333333333333333
2026-04-02 00:00:00+00:00,7,Cybersecurity Tools / Generic Discussion,low,1,0.0,0.0,0.9389265775680542,0,1,0,0,0,0,0,0,3,0.3333333333333333
2026-04-02 00:00:00+00:00,9,Ransomware / Malware / Email Campaigns,high,1,0.0,0.0,0.6647751331329346,0,1,0,0,0,0,0,0,3,0.3333333333333333
2026-04-02 12:00:00+00:00,2,Cybercrime / Fraud / Law Enforcement,medium,1,0.34,0.34,0.9385101795196532,0,0,1,0,0,0,0,0,1,1.0
2026-04-03 00:00:00+00:00,0,Network Attacks / Device Access,medium,2,0.9570000000000001,0.47850000000000004,0.7567081451416016,0,0,2,0,0,1,0,0,6,0.3333333333333333
2026-04-03 00:00:00+00:00,1,Command Execution / Payload Delivery,high,1,0.0,0.0,0.6381978392601013,0,1,0,0,0,0,0,0,6,0.16666666666666666
2026-04-03 00:00:00+00:00,2,Cybercrime / Fraud / Law Enforcement,medium,1,0.4767,0.4767,0.5335779786109924,0,0,1,0,0,0,0,0,6,0.16666666666666666
2026-04-03 00:00:00+00:00,5,Exploit Tooling / Metasploit / RCE,high,1,-0.6597,-0.6597,0.9377205967903136,1,0,0,0,0,0,0,0,6,0.16666666666666666
2026-04-03 00:00:00+00:00,6,Security Risk / Exposure Management,medium,1,-0.4767,-0.4767,0.4994157552719116,1,0,0,0,0,0,0,0,6,0.16666666666666666
2026-04-03 12:00:00+00:00,0,Network Attacks / Device Access,medium,5,-1.9933,-0.39866,0.673920738697052,4,1,0,0,0,0,1,0,8,0.625
2026-04-03 12:00:00+00:00,6,Security Risk / Exposure Management,medium,1,0.7783,0.7783,0.5981935858726501,0,0,1,0,0,0,0,0,8,0.125
2026-04-03 12:00:00+00:00,7,Cybersecurity Tools / Generic Discussion,low,2,0.0,0.0,0.5409284234046936,0,2,0,0,0,0,0,0,8,0.25
2026-04-04 00:00:00+00:00,4,Access Control / Process & API Abuse,medium,1,-0.4767,-0.4767,0.9293023943901062,1,0,0,0,0,0,0,0,2,0.5
2026-04-04 00:00:00+00:00,5,Exploit Tooling / Metasploit / RCE,high,1,0.2732,0.2732,0.5111090540885925,0,0,1,0,0,0,0,0,2,0.5
2026-04-04 12:00:00+00:00,2,Cybercrime / Fraud / Law Enforcement,medium,1,0.4767,0.4767,0.4629592299461365,0,0,1,0,0,0,0,0,3,0.3333333333333333
2026-04-04 12:00:00+00:00,4,Access Control / Process & API Abuse,medium,2,-1.1022,-0.5511,0.5551584362983704,2,0,0,0,0,0,0,0,3,0.6666666666666666
2026-04-05 00:00:00+00:00,1,Command Execution / Payload Delivery,high,1,0.0,0.0,0.6661286354064941,0,1,0,0,0,0,0,0,3,0.3333333333333333
2026-04-05 00:00:00+00:00,5,Exploit Tooling / Metasploit / RCE,high,1,-0.4588,-0.4588,0.497579276561737,1,0,0,0,0,0,0,0,3,0.3333333333333333
2026-04-05 00:00:00+00:00,9,Ransomware / Malware / Email Campaigns,high,1,-0.5267,-0.5267,0.5195208787918091,1,0,0,0,0,0,0,0,3,0.3333333333333333
2026-04-05 12:00:00+00:00,5,Exploit Tooling / Metasploit / RCE,high,1,0.0,0.0,0.6637610793113708,0,1,0,0,0,0,0,0,2,0.5
2026-04-05 12:00:00+00:00,7,Cybersecurity Tools / Generic Discussion,low,1,-0.3089,-0.3089,0.7975512146949768,1,0,0,0,0,0,0,0,2,0.5
2026-04-06 00:00:00+00:00,0,Network Attacks / Device Access,medium,2,0.8387,0.41935,0.8409159481525421,0,1,1,0,0,0,1,0,3,0.6666666666666666
2026-04-06 00:00:00+00:00,9,Ransomware / Malware / Email Campaigns,high,1,0.0,0.0,0.6647751331329346,0,1,0,0,0,0,0,0,3,0.3333333333333333
2026-04-06 12:00:00+00:00,0,Network Attacks / Device Access,medium,1,-0.765,-0.765,0.932132601737976,1,0,0,0,0,0,0,0,10,0.1
2026-04-06 12:00:00+00:00,2,Cybercrime / Fraud / Law Enforcement,medium,1,0.9335,0.9335,0.5615211129188538,0,0,1,0,0,1,0,0,10,0.1
2026-04-06 12:00:00+00:00,4,Access Control / Process & API Abuse,medium,1,-0.9349,-0.9349,0.7338340282440186,1,0,0,0,0,0,1,0,10,0.1
2026-04-06 12:00:00+00:00,7,Cybersecurity Tools / Generic Discussion,low,1,0.0,0.0,0.9204123616218568,0,1,0,0,0,0,0,0,10,0.1
2026-04-06 12:00:00+00:00,8,Microsoft / Privilege Escalation / Patch Exploitation,high,1,-0.6486,-0.6486,0.9183074235916138,1,0,0,0,0,0,0,0,10,0.1
2026-04-06 12:00:00+00:00,9,Ransomware / Malware / Email Campaigns,high,5,0.0,0.0,0.6647751808166504,0,5,0,0,0,0,0,0,10,0.5
2026-04-07 00:00:00+00:00,0,Network Attacks / Device Access,medium,1,0.0,0.0,0.7722682356834412,0,1,0,0,0,0,0,0,1,1.0
2026-04-07 12:00:00+00:00,0,Network Attacks / Device Access,medium,3,-1.075,-0.35833333333333334,0.9510323802630106,2,1,0,0,0,0,1,0,6,0.5
2026-04-07 12:00:00+00:00,2,Cybercrime / Fraud / Law Enforcement,medium,1,-0.2023,-0.2023,0.917091429233551,1,0,0,0,0,0,1,0,6,0.16666666666666666
2026-04-07 12:00:00+00:00,5,Exploit Tooling / Metasploit / RCE,high,1,0.0,0.0,0.4951160252094269,0,1,0,0,0,0,0,0,6,0.16666666666666666
2026-04-07 12:00:00+00:00,6,Security Risk / Exposure Management,medium,1,0.5423,0.5423,0.9299494624137878,0,0,1,0,0,0,0,0,6,0.16666666666666666
2026-04-08 00:00:00+00:00,0,Network Attacks / Device Access,medium,2,-0.4404,-0.2202,0.7990904450416565,1,1,0,0,0,0,0,0,8,0.25
2026-04-08 00:00:00+00:00,4,Access Control / Process & API Abuse,medium,1,-0.4939,-0.4939,0.9536952972412108,1,0,0,0,0,0,0,0,8,0.125
2026-04-08 00:00:00+00:00,6,Security Risk / Exposure Management,medium,1,0.0,0.0,0.884185254573822,0,1,0,0,0,0,0,0,8,0.125
2026-04-08 00:00:00+00:00,8,Microsoft / Privilege Escalation / Patch Exploitation,high,2,0.3818,0.1909,0.8606749176979065,0,1,1,0,0,0,0,0,8,0.25
2026-04-08 00:00:00+00:00,9,Ransomware / Malware / Email Campaigns,high,2,-0.9878,-0.4939,0.9469993412494659,2,0,0,0,0,0,0,0,8,0.25
2026-04-08 12:00:00+00:00,0,Network Attacks / Device Access,medium,7,-2.0801,-0.29715714285714284,0.776146433183125,5,0,2,0,0,1,2,0,9,0.7777777777777778
2026-04-08 12:00:00+00:00,3,Memory Exploitation / Buffer & Heap Bugs,high,1,0.09,0.09,0.282399833202362,0,0,1,0,0,1,0,0,9,0.1111111111111111
2026-04-08 12:00:00+00:00,9,Ransomware / Malware / Email Campaigns,high,1,0.7404,0.7404,0.4740677773952484,0,0,1,0,0,1,0,0,9,0.1111111111111111
2026-04-09 00:00:00+00:00,1,Command Execution / Payload Delivery,high,1,0.8,0.8,0.6356747150421143,0,0,1,0,0,1,0,0,7,0.14285714285714285
2026-04-09 00:00:00+00:00,2,Cybercrime / Fraud / Law Enforcement,medium,2,-0.25,-0.125,0.7426043450832367,1,1,0,0,0,0,0,0,7,0.2857142857142857
2026-04-09 00:00:00+00:00,7,Cybersecurity Tools / Generic Discussion,low,3,0.0,0.0,0.6789778967698415,0,3,0,0,0,0,0,0,7,0.42857142857142855
2026-04-09 00:00:00+00:00,9,Ransomware / Malware / Email Campaigns,high,1,0.2023,0.2023,0.7941248416900635,0,0,1,0,0,0,0,0,7,0.14285714285714285
2026-04-09 12:00:00+00:00,2,Cybercrime / Fraud / Law Enforcement,medium,1,0.296,0.296,0.74696284532547,0,0,1,0,0,0,0,0,5,0.2
2026-04-09 12:00:00+00:00,6,Security Risk / Exposure Management,medium,3,0.8863,0.2954333333333333,0.8747722705205282,1,0,2,0,0,0,2,0,5,0.6
2026-04-09 12:00:00+00:00,7,Cybersecurity Tools / Generic Discussion,low,1,0.0,0.0,0.6105692982673645,0,1,0,0,0,0,0,0,5,0.2
2026-04-10 00:00:00+00:00,0,Network Attacks / Device Access,medium,1,-0.5719,-0.5719,0.587175190448761,1,0,0,0,0,0,0,0,7,0.14285714285714285
2026-04-10 00:00:00+00:00,2,Cybercrime / Fraud / Law Enforcement,medium,2,-0.4491,-0.22455,0.7262970805168152,2,0,0,0,0,0,0,0,7,0.2857142857142857
2026-04-10 00:00:00+00:00,4,Access Control / Process & API Abuse,medium,1,-0.743,-0.743,0.9185960292816162,1,0,0,0,0,0,0,0,7,0.14285714285714285
2026-04-10 00:00:00+00:00,6,Security Risk / Exposure Management,medium,2,0.9769000000000001,0.48845000000000005,0.7329548299312592,0,0,2,0,0,0,0,0,7,0.2857142857142857
2026-04-10 00:00:00+00:00,7,Cybersecurity Tools / Generic Discussion,low,1,-0.1027,-0.1027,0.4252841472625732,1,0,0,0,0,0,0,0,7,0.14285714285714285
2026-04-10 12:00:00+00:00,0,Network Attacks / Device Access,medium,2,-0.6369,-0.31845,0.7105253338813782,1,1,0,0,0,0,0,0,10,0.2
2026-04-10 12:00:00+00:00,1,Command Execution / Payload Delivery,high,1,0.9728,0.9728,0.652184009552002,0,0,1,0,0,1,0,0,10,0.1
2026-04-10 12:00:00+00:00,3,Memory Exploitation / Buffer & Heap Bugs,high,1,0.9187,0.9187,0.5159717798233032,0,0,1,0,0,1,0,0,10,0.1
2026-04-10 12:00:00+00:00,4,Access Control / Process & API Abuse,medium,1,-0.1548,-0.1548,0.5453765392303467,1,0,0,0,0,0,0,0,10,0.1
2026-04-10 12:00:00+00:00,5,Exploit Tooling / Metasploit / RCE,high,1,0.9331,0.9331,0.9985790848731996,0,0,1,0,0,0,1,0,10,0.1
2026-04-10 12:00:00+00:00,7,Cybersecurity Tools / Generic Discussion,low,3,0.5719,0.19063333333333332,0.5842876931031545,0,2,1,0,0,2,0,0,10,0.3
2026-04-10 12:00:00+00:00,8,Microsoft / Privilege Escalation / Patch Exploitation,high,1,-0.6705,-0.6705,0.7891207337379456,1,0,0,0,0,0,0,0,10,0.1
2026-04-11 00:00:00+00:00,0,Network Attacks / Device Access,medium,1,-0.7469,-0.7469,0.7424891591072083,1,0,0,0,0,0,0,0,3,0.3333333333333333
2026-04-11 00:00:00+00:00,4,Access Control / Process & API Abuse,medium,1,-0.7003,-0.7003,0.622343897819519,1,0,0,0,0,0,0,0,3,0.3333333333333333
2026-04-11 00:00:00+00:00,9,Ransomware / Malware / Email Campaigns,high,1,0.0,0.0,0.9297065138816832,0,1,0,0,0,0,0,0,3,0.3333333333333333
2026-04-11 12:00:00+00:00,0,Network Attacks / Device Access,medium,2,0.2132,0.1066,0.6933684945106506,1,0,1,0,0,1,0,0,3,0.6666666666666666
2026-04-11 12:00:00+00:00,5,Exploit Tooling / Metasploit / RCE,high,1,-0.4404,-0.4404,0.5830940008163452,1,0,0,0,0,0,0,0,3,0.3333333333333333
2026-04-12 00:00:00+00:00,2,Cybercrime / Fraud / Law Enforcement,medium,1,0.34,0.34,0.9055065512657166,0,0,1,0,0,0,0,0,1,1.0
2026-04-12 12:00:00+00:00,7,Cybersecurity Tools / Generic Discussion,low,1,0.8985,0.8985,0.367528885602951,0,0,1,0,0,1,0,0,1,1.0
2026-04-13 00:00:00+00:00,4,Access Control / Process & API Abuse,medium,1,0.9664,0.9664,0.9514516592025756,0,0,1,0,0,1,0,0,6,0.16666666666666666
2026-04-13 00:00:00+00:00,5,Exploit Tooling / Metasploit / RCE,high,1,-0.5719,-0.5719,0.9188196659088136,1,0,0,0,0,0,0,0,6,0.16666666666666666
2026-04-13 00:00:00+00:00,6,Security Risk / Exposure Management,medium,1,-0.4404,-0.4404,0.4790694415569305,1,0,0,0,0,0,0,0,6,0.16666666666666666
2026-04-13 00:00:00+00:00,7,Cybersecurity Tools / Generic Discussion,low,3,-0.7635,-0.2545,0.7536927660306295,1,2,0,0,0,1,0,0,6,0.5
2026-04-13 12:00:00+00:00,0,Network Attacks / Device Access,medium,2,0.17759999999999998,0.08879999999999999,0.976725310087204,1,0,1,0,0,1,0,0,8,0.25
2026-04-13 12:00:00+00:00,4,Access Control / Process & API Abuse,medium,1,0.6478,0.6478,0.4515818953514099,0,0,1,0,0,1,0,0,8,0.125
2026-04-13 12:00:00+00:00,6,Security Risk / Exposure Management,medium,2,0.5164,0.2582,0.5991797298192978,1,0,1,0,0,0,1,0,8,0.25
2026-04-13 12:00:00+00:00,8,Microsoft / Privilege Escalation / Patch Exploitation,high,1,-0.6486,-0.6486,0.9290838241577148,1,0,0,0,0,0,0,0,8,0.125
2026-04-13 12:00:00+00:00,9,Ransomware / Malware / Email Campaigns,high,2,-0.5746,-0.2873,0.8923957347869873,2,0,0,0,0,1,0,0,8,0.25
2026-04-14 00:00:00+00:00,0,Network Attacks / Device Access,medium,2,-0.1288,-0.0644,0.6220500618219376,2,0,0,0,0,0,0,0,5,0.4
2026-04-14 00:00:00+00:00,1,Command Execution / Payload Delivery,high,1,-0.0772,-0.0772,0.5171328186988831,1,0,0,0,0,0,0,0,5,0.2
2026-04-14 00:00:00+00:00,7,Cybersecurity Tools / Generic Discussion,low,1,0.0,0.0,0.85393226146698,0,1,0,0,0,0,0,0,5,0.2
2026-04-14 00:00:00+00:00,9,Ransomware / Malware / Email Campaigns,high,1,0.0,0.0,0.5729930996894836,0,1,0,0,0,0,0,0,5,0.2
2026-04-14 12:00:00+00:00,0,Network Attacks / Device Access,medium,4,-0.9871,-0.246775,0.7490830272436142,1,3,0,0,0,0,1,0,12,0.3333333333333333
2026-04-14 12:00:00+00:00,6,Security Risk / Exposure Management,medium,2,1.1482,0.5741,0.8838364481925964,0,0,2,0,0,0,1,0,12,0.16666666666666666
2026-04-14 12:00:00+00:00,8,Microsoft / Privilege Escalation / Patch Exploitation,high,4,-1.0924,-0.2731,0.794188380241394,2,1,1,0,0,0,3,0,12,0.3333333333333333
2026-04-14 12:00:00+00:00,9,Ransomware / Malware / Email Campaigns,high,2,-1.4014000000000002,-0.7007000000000001,0.6635210067033768,2,0,0,0,0,1,0,0,12,0.16666666666666666
2026-04-15 00:00:00+00:00,0,Network Attacks / Device Access,medium,1,-0.2732,-0.2732,0.5602631568908691,1,0,0,0,0,0,0,0,5,0.2
2026-04-15 00:00:00+00:00,2,Cybercrime / Fraud / Law Enforcement,medium,1,0.9626,0.9626,0.6297718286514282,0,0,1,0,0,1,0,0,5,0.2
2026-04-15 00:00:00+00:00,4,Access Control / Process & API Abuse,medium,1,-0.4215,-0.4215,0.4844643473625183,1,0,0,0,0,0,0,0,5,0.2
2026-04-15 00:00:00+00:00,8,Microsoft / Privilege Escalation / Patch Exploitation,high,1,-0.25,-0.25,0.696288526058197,1,0,0,0,0,0,0,0,5,0.2
2026-04-15 00:00:00+00:00,9,Ransomware / Malware / Email Campaigns,high,1,-0.7965,-0.7965,0.8019671440124512,1,0,0,0,0,0,1,0,5,0.2
2026-04-15 12:00:00+00:00,0,Network Attacks / Device Access,medium,2,-0.5574,-0.2787,0.8892021775245667,1,1,0,0,0,0,0,0,5,0.4
2026-04-15 12:00:00+00:00,1,Command Execution / Payload Delivery,high,1,-0.4019,-0.4019,0.4597401022911072,1,0,0,0,0,0,0,0,5,0.2
2026-04-15 12:00:00+00:00,2,Cybercrime / Fraud / Law Enforcement,medium,1,-0.7506,-0.7506,0.5021989345550537,1,0,0,0,0,0,0,0,5,0.2
2026-04-15 12:00:00+00:00,6,Security Risk / Exposure Management,medium,1,0.9998,0.9998,0.9990411400794984,0,0,1,0,0,0,1,0,5,0.2
2026-04-16 00:00:00+00:00,1,Command Execution / Payload Delivery,high,1,-0.9839,-0.9839,0.9994604587554932,1,0,0,0,0,0,1,0,5,0.2
2026-04-16 00:00:00+00:00,2,Cybercrime / Fraud / Law Enforcement,medium,2,1.2696,0.6348,0.9761801660060883,0,0,2,0,0,0,1,0,5,0.4
2026-04-16 00:00:00+00:00,6,Security Risk / Exposure Management,medium,1,0.34,0.34,0.59254390001297,0,0,1,0,0,0,0,0,5,0.2
2026-04-16 00:00:00+00:00,7,Cybersecurity Tools / Generic Discussion,low,1,-0.8658,-0.8658,0.5282963514328003,1,0,0,0,0,0,0,0,5,0.2
2026-04-16 12:00:00+00:00,0,Network Attacks / Device Access,medium,1,-0.5719,-0.5719,0.6412930488586426,1,0,0,0,0,0,0,0,13,0.07692307692307693
2026-04-16 12:00:00+00:00,1,Command Execution / Payload Delivery,high,2,0.6911,0.34555,0.7735592424869537,1,0,1,0,0,0,1,0,13,0.15384615384615385
2026-04-16 12:00:00+00:00,2,Cybercrime / Fraud / Law Enforcement,medium,1,-0.0772,-0.0772,0.96816086769104,1,0,0,0,0,0,0,0,13,0.07692307692307693
2026-04-16 12:00:00+00:00,6,Security Risk / Exposure Management,medium,4,1.6592,0.4148,0.777555450797081,0,1,3,0,0,0,0,0,13,0.3076923076923077
2026-04-16 12:00:00+00:00,7,Cybersecurity Tools / Generic Discussion,low,2,-1.6120999999999999,-0.8060499999999999,0.3910091668367386,2,0,0,0,0,0,1,0,13,0.15384615384615385
2026-04-16 12:00:00+00:00,8,Microsoft / Privilege Escalation / Patch Exploitation,high,2,-0.9764,-0.4882,0.4477242678403854,1,1,0,0,0,0,2,0,13,0.15384615384615385
2026-04-16 12:00:00+00:00,9,Ransomware / Malware / Email Campaigns,high,1,-0.9865,-0.9865,0.4575966000556946,1,0,0,0,0,0,1,0,13,0.07692307692307693
2026-04-17 00:00:00+00:00,2,Cybercrime / Fraud / Law Enforcement,medium,3,0.144,0.047999999999999994,0.6360818346341451,0,2,1,0,0,0,0,0,8,0.375
2026-04-17 00:00:00+00:00,4,Access Control / Process & API Abuse,medium,1,-0.6908,-0.6908,0.9040390253067015,1,0,0,0,0,0,0,0,8,0.125
2026-04-17 00:00:00+00:00,6,Security Risk / Exposure Management,medium,1,0.2732,0.2732,0.7129046320915222,0,0,1,0,0,0,0,0,8,0.125
2026-04-17 00:00:00+00:00,8,Microsoft / Privilege Escalation / Patch Exploitation,high,1,0.2263,0.2263,0.6939720511436462,0,0,1,0,0,0,0,0,8,0.125
2026-04-17 00:00:00+00:00,9,Ransomware / Malware / Email Campaigns,high,2,-0.1027,-0.05135,0.6955002546310425,1,1,0,0,0,0,0,0,8,0.25
2026-04-17 12:00:00+00:00,0,Network Attacks / Device Access,medium,1,0.4005,0.4005,0.6070296764373779,0,0,1,0,0,1,0,0,10,0.1
2026-04-17 12:00:00+00:00,2,Cybercrime / Fraud / Law Enforcement,medium,1,-0.868,-0.868,0.9938277006149292,1,0,0,0,0,1,0,0,10,0.1
2026-04-17 12:00:00+00:00,5,Exploit Tooling / Metasploit / RCE,high,2,0.9824,0.4912,0.8294280171394348,0,1,1,0,0,0,1,0,10,0.2
2026-04-17 12:00:00+00:00,6,Security Risk / Exposure Management,medium,1,-0.3818,-0.3818,0.5852754712104797,1,0,0,0,0,0,0,0,10,0.1
2026-04-17 12:00:00+00:00,7,Cybersecurity Tools / Generic Discussion,low,1,-0.2584,-0.2584,0.8539133071899414,1,0,0,0,0,0,0,0,10,0.1
2026-04-17 12:00:00+00:00,8,Microsoft / Privilege Escalation / Patch Exploitation,high,3,-0.2023,-0.06743333333333333,0.7386821111043295,1,2,0,0,0,0,0,0,10,0.3
2026-04-17 12:00:00+00:00,9,Ransomware / Malware / Email Campaigns,high,1,-0.7845,-0.7845,0.985418975353241,1,0,0,0,0,0,1,0,10,0.1
2026-04-18 00:00:00+00:00,2,Cybercrime / Fraud / Law Enforcement,medium,2,-1.0705,-0.53525,0.7981374263763428,2,0,0,0,0,0,0,0,5,0.4
2026-04-18 00:00:00+00:00,6,Security Risk / Exposure Management,medium,1,-0.5267,-0.5267,0.9299478530883788,1,0,0,0,0,0,0,0,5,0.2
2026-04-18 00:00:00+00:00,7,Cybersecurity Tools / Generic Discussion,low,2,0.1855,0.09275,0.7457845211029053,1,0,1,0,0,1,0,0,5,0.4
2026-04-18 12:00:00+00:00,1,Command Execution / Payload Delivery,high,1,-0.296,-0.296,0.777418851852417,1,0,0,0,0,0,0,0,1,1.0
2026-04-19 00:00:00+00:00,2,Cybercrime / Fraud / Law Enforcement,medium,1,-0.1531,-0.1531,0.958044409751892,1,0,0,0,0,0,0,0,2,0.5
2026-04-19 00:00:00+00:00,5,Exploit Tooling / Metasploit / RCE,high,1,-0.7506,-0.7506,0.8509926199913025,1,0,0,0,0,0,0,0,2,0.5
2026-04-19 12:00:00+00:00,0,Network Attacks / Device Access,medium,1,0.4019,0.4019,0.9400377869606018,0,0,1,0,0,0,0,0,2,0.5
2026-04-19 12:00:00+00:00,4,Access Control / Process & API Abuse,medium,1,-0.5267,-0.5267,0.9375246167182922,1,0,0,0,0,0,0,0,2,0.5
2026-04-20 00:00:00+00:00,0,Network Attacks / Device Access,medium,1,-0.2263,-0.2263,0.4165412783622741,1,0,0,0,0,0,0,0,5,0.2
2026-04-20 00:00:00+00:00,3,Memory Exploitation / Buffer & Heap Bugs,high,1,0.0,0.0,0.6085440516471863,0,1,0,0,0,1,0,0,5,0.2
2026-04-20 00:00:00+00:00,6,Security Risk / Exposure Management,medium,1,0.6486,0.6486,0.6970431804656982,0,0,1,0,0,0,1,0,5,0.2
2026-04-20 00:00:00+00:00,8,Microsoft / Privilege Escalation / Patch Exploitation,high,1,0.0,0.0,0.7922758460044861,0,1,0,0,0,0,0,0,5,0.2
2026-04-20 00:00:00+00:00,9,Ransomware / Malware / Email Campaigns,high,1,0.0,0.0,0.6647751927375793,0,1,0,0,0,0,0,0,5,0.2
2026-04-20 12:00:00+00:00,0,Network Attacks / Device Access,medium,4,-1.5962,-0.39905,0.7331252098083496,3,1,0,0,0,0,0,0,11,0.36363636363636365
2026-04-20 12:00:00+00:00,2,Cybercrime / Fraud / Law Enforcement,medium,2,0.0,0.0,0.7132962942123413,0,2,0,0,0,0,0,0,11,0.18181818181818182
2026-04-20 12:00:00+00:00,5,Exploit Tooling / Metasploit / RCE,high,2,0.0,0.0,0.8776460587978363,0,2,0,0,0,1,0,0,11,0.18181818181818182
2026-04-20 12:00:00+00:00,6,Security Risk / Exposure Management,medium,2,0.9996,0.4998,0.717678427696228,0,1,1,0,0,0,1,0,11,0.18181818181818182
2026-04-20 12:00:00+00:00,9,Ransomware / Malware / Email Campaigns,high,1,0.4168,0.4168,0.744598388671875,0,0,1,0,0,0,0,0,11,0.09090909090909091
2026-04-21 00:00:00+00:00,0,Network Attacks / Device Access,medium,4,-0.7898999999999999,-0.19747499999999998,0.7532563209533691,1,2,1,0,0,0,1,0,14,0.2857142857142857
2026-04-21 00:00:00+00:00,1,Command Execution / Payload Delivery,high,2,-0.9978,-0.4989,0.8278973400592804,1,1,0,0,0,1,1,0,14,0.14285714285714285
2026-04-21 00:00:00+00:00,2,Cybercrime / Fraud / Law Enforcement,medium,1,0.0,0.0,0.6541615128517151,0,1,0,0,0,0,0,0,14,0.07142857142857142
2026-04-21 00:00:00+00:00,4,Access Control / Process & API Abuse,medium,1,-0.5267,-0.5267,0.6389461159706116,1,0,0,0,0,0,0,0,14,0.07142857142857142
2026-04-21 00:00:00+00:00,5,Exploit Tooling / Metasploit / RCE,high,1,-0.296,-0.296,0.4739542007446289,1,0,0,0,0,0,0,0,14,0.07142857142857142
2026-04-21 00:00:00+00:00,7,Cybersecurity Tools / Generic Discussion,low,3,-1.0575,-0.35250000000000004,0.5648344854513804,2,0,1,0,0,0,0,0,14,0.21428571428571427
2026-04-21 00:00:00+00:00,9,Ransomware / Malware / Email Campaigns,high,2,0.0,0.0,0.7581131458282471,0,2,0,0,0,1,0,0,14,0.14285714285714285
2026-04-21 12:00:00+00:00,0,Network Attacks / Device Access,medium,6,-4.521,-0.7535,0.7258725563685099,6,0,0,0,0,0,3,0,20,0.3
2026-04-21 12:00:00+00:00,1,Command Execution / Payload Delivery,high,2,0.0258,0.0129,0.5049076080322266,0,2,0,0,0,1,0,0,20,0.1
2026-04-21 12:00:00+00:00,3,Memory Exploitation / Buffer & Heap Bugs,high,1,0.8481,0.8481,0.6305990815162659,0,0,1,0,0,1,0,0,20,0.05
2026-04-21 12:00:00+00:00,4,Access Control / Process & API Abuse,medium,2,-0.4651,-0.23255,0.7440101802349091,1,0,1,0,0,0,1,0,20,0.1
2026-04-21 12:00:00+00:00,6,Security Risk / Exposure Management,medium,2,0.12990000000000002,0.06495000000000001,0.8940309882164001,1,0,1,0,0,0,2,0,20,0.1
2026-04-21 12:00:00+00:00,7,Cybersecurity Tools / Generic Discussion,low,3,-1.8885,-0.6295000000000001,0.557640810807546,2,1,0,0,0,1,1,0,20,0.15
2026-04-21 12:00:00+00:00,9,Ransomware / Malware / Email Campaigns,high,4,0.016499999999999904,0.004124999999999976,0.8605735152959824,2,0,2,0,0,1,3,0,20,0.2
2026-04-22 00:00:00+00:00,0,Network Attacks / Device Access,medium,1,-0.2006,-0.2006,0.6271696090698242,1,0,0,0,0,0,1,0,17,0.058823529411764705
2026-04-22 00:00:00+00:00,1,Command Execution / Payload Delivery,high,1,0.7096,0.7096,0.9915103912353516,0,0,1,0,0,1,0,0,17,0.058823529411764705
2026-04-22 00:00:00+00:00,4,Access Control / Process & API Abuse,medium,9,-2.5945,-0.2882777777777778,0.804886692100101,5,2,2,0,0,1,4,0,17,0.5294117647058824
2026-04-22 00:00:00+00:00,5,Exploit Tooling / Metasploit / RCE,high,1,0.1027,0.1027,0.4484364092350006,0,0,1,0,0,0,1,0,17,0.058823529411764705
2026-04-22 00:00:00+00:00,7,Cybersecurity Tools / Generic Discussion,low,2,0.0,0.0,0.7766028046607971,0,2,0,0,0,0,1,0,17,0.11764705882352941
2026-04-22 00:00:00+00:00,8,Microsoft / Privilege Escalation / Patch Exploitation,high,1,0.4404,0.4404,0.8454069495201111,0,0,1,0,0,0,1,0,17,0.058823529411764705
2026-04-22 00:00:00+00:00,9,Ransomware / Malware / Email Campaigns,high,2,-0.4215,-0.21075,0.7919151484966278,1,1,0,0,0,0,0,0,17,0.11764705882352941
2026-04-22 12:00:00+00:00,0,Network Attacks / Device Access,medium,4,-1.4997,-0.374925,0.9289665371179581,3,0,1,0,0,0,1,0,20,0.2
2026-04-22 12:00:00+00:00,1,Command Execution / Payload Delivery,high,2,-1.0921,-0.54605,0.9716498851776123,2,0,0,0,0,0,2,0,20,0.1
2026-04-22 12:00:00+00:00,2,Cybercrime / Fraud / Law Enforcement,medium,2,-1.8258999999999999,-0.9129499999999999,0.3765406757593155,2,0,0,0,0,0,0,0,20,0.1
2026-04-22 12:00:00+00:00,4,Access Control / Process & API Abuse,medium,2,-0.4767,-0.23835,0.826911062002182,1,1,0,0,0,2,0,0,20,0.1
2026-04-22 12:00:00+00:00,6,Security Risk / Exposure Management,medium,3,-0.5094000000000001,-0.16980000000000003,0.5369781057039896,2,0,1,0,0,0,0,0,20,0.15
2026-04-22 12:00:00+00:00,7,Cybersecurity Tools / Generic Discussion,low,2,0.4926,0.2463,0.8642147481441498,0,1,1,0,0,1,0,0,20,0.1
2026-04-22 12:00:00+00:00,8,Microsoft / Privilege Escalation / Patch Exploitation,high,2,0.09000000000000002,0.04500000000000001,0.7163751125335693,1,0,1,0,0,1,0,0,20,0.1
2026-04-22 12:00:00+00:00,9,Ransomware / Malware / Email Campaigns,high,3,-1.1802,-0.39339999999999997,0.8115861018498739,2,1,0,0,0,0,0,0,20,0.15
2026-04-23 00:00:00+00:00,0,Network Attacks / Device Access,medium,4,-0.743,-0.18575,0.6138333827257156,1,3,0,0,0,0,1,0,19,0.21052631578947367
2026-04-23 00:00:00+00:00,3,Memory Exploitation / Buffer & Heap Bugs,high,2,0.0,0.0,0.46451207995414734,0,2,0,0,0,2,0,0,19,0.10526315789473684
2026-04-23 00:00:00+00:00,4,Access Control / Process & API Abuse,medium,2,-0.55,-0.275,0.7460967898368835,1,0,1,0,0,0,2,0,19,0.10526315789473684
2026-04-23 00:00:00+00:00,5,Exploit Tooling / Metasploit / RCE,high,1,0.0,0.0,0.6637555360794067,0,1,0,0,0,0,0,0,19,0.05263157894736842
2026-04-23 00:00:00+00:00,6,Security Risk / Exposure Management,medium,2,0.6981999999999999,0.34909999999999997,0.4824187159538269,0,0,2,0,0,0,2,0,19,0.10526315789473684
2026-04-23 00:00:00+00:00,7,Cybersecurity Tools / Generic Discussion,low,3,-0.21929999999999994,-0.07309999999999998,0.5429340501626333,1,1,1,0,0,0,0,0,19,0.15789473684210525
2026-04-23 00:00:00+00:00,8,Microsoft / Privilege Escalation / Patch Exploitation,high,1,-0.5994,-0.5994,0.4870201349258423,1,0,0,0,0,0,1,0,19,0.05263157894736842
2026-04-23 00:00:00+00:00,9,Ransomware / Malware / Email Campaigns,high,4,0.0,0.0,0.6970857679843903,0,4,0,0,0,0,0,0,19,0.21052631578947367
2026-04-23 12:00:00+00:00,0,Network Attacks / Device Access,medium,7,-2.2713,-0.3244714285714286,0.6877973335129874,5,1,1,0,0,0,3,0,31,0.22580645161290322
2026-04-23 12:00:00+00:00,1,Command Execution / Payload Delivery,high,4,0.8184,0.2046,0.7534038498997688,2,0,2,0,0,2,2,0,31,0.12903225806451613
2026-04-23 12:00:00+00:00,2,Cybercrime / Fraud / Law Enforcement,medium,3,0.09330000000000005,0.031100000000000017,0.7966339389483134,1,1,1,0,0,1,0,0,31,0.0967741935483871
2026-04-23 12:00:00+00:00,4,Access Control / Process & API Abuse,medium,3,-0.3973,-0.13243333333333332,0.7873133818308512,1,1,1,0,0,0,0,0,31,0.0967741935483871
2026-04-23 12:00:00+00:00,5,Exploit Tooling / Metasploit / RCE,high,2,-0.3736,-0.1868,0.5396816432476044,1,1,0,0,0,1,0,0,31,0.06451612903225806
2026-04-23 12:00:00+00:00,6,Security Risk / Exposure Management,medium,5,3.71,0.742,0.6533505916595459,0,0,5,0,0,2,2,0,31,0.16129032258064516
2026-04-23 12:00:00+00:00,7,Cybersecurity Tools / Generic Discussion,low,4,-1.8106,-0.45265,0.7635700702667236,4,0,0,0,0,2,1,0,31,0.12903225806451613
2026-04-23 12:00:00+00:00,8,Microsoft / Privilege Escalation / Patch Exploitation,high,2,-0.7184,-0.3592,0.7254255414009094,1,1,0,0,0,1,0,0,31,0.06451612903225806
2026-04-23 12:00:00+00:00,9,Ransomware / Malware / Email Campaigns,high,1,0.6804,0.6804,0.356967568397522,0,0,1,0,0,1,0,0,31,0.03225806451612903
2026-04-24 00:00:00+00:00,0,Network Attacks / Device Access,medium,3,0.19190000000000002,0.06396666666666667,0.7429566979408264,1,0,2,0,0,0,0,0,34,0.08823529411764706
2026-04-24 00:00:00+00:00,1,Command Execution / Payload Delivery,high,3,-0.1491,-0.0497,0.6596008936564127,1,1,1,0,0,1,1,0,34,0.08823529411764706
2026-04-24 00:00:00+00:00,2,Cybercrime / Fraud / Law Enforcement,medium,3,-1.3356,-0.4452,0.7226772010326385,3,0,0,0,0,0,1,0,34,0.08823529411764706
2026-04-24 00:00:00+00:00,4,Access Control / Process & API Abuse,medium,5,-1.0102,-0.20204,0.7008452415466309,3,2,0,0,0,1,1,0,34,0.14705882352941177
2026-04-24 00:00:00+00:00,5,Exploit Tooling / Metasploit / RCE,high,6,-1.0781,-0.17968333333333333,0.7124380270640055,2,4,0,0,0,5,0,0,34,0.17647058823529413
2026-04-24 00:00:00+00:00,6,Security Risk / Exposure Management,medium,2,0.296,0.148,0.7042453587055206,0,1,1,0,0,0,0,0,34,0.058823529411764705
2026-04-24 00:00:00+00:00,7,Cybersecurity Tools / Generic Discussion,low,11,-0.6446,-0.05859999999999999,0.6488729254765944,4,5,2,0,0,4,0,0,34,0.3235294117647059
2026-04-24 00:00:00+00:00,8,Microsoft / Privilege Escalation / Patch Exploitation,high,1,-0.5719,-0.5719,0.6664242148399353,1,0,0,0,0,0,1,0,34,0.029411764705882353
2026-04-24 12:00:00+00:00,0,Network Attacks / Device Access,medium,2,-0.1027,-0.05135,0.7223092019557953,1,1,0,0,0,1,0,0,28,0.07142857142857142
2026-04-24 12:00:00+00:00,1,Command Execution / Payload Delivery,high,3,0.5493,0.1831,0.7634855111440023,1,1,1,0,0,1,1,0,28,0.10714285714285714
2026-04-24 12:00:00+00:00,2,Cybercrime / Fraud / Law Enforcement,medium,2,0.9935,0.49675,0.343351736664772,0,1,1,0,0,2,0,0,28,0.07142857142857142
2026-04-24 12:00:00+00:00,4,Access Control / Process & API Abuse,medium,5,0.5659,0.11317999999999999,0.9554661870002746,2,1,2,0,0,3,1,0,28,0.17857142857142858
2026-04-24 12:00:00+00:00,5,Exploit Tooling / Metasploit / RCE,high,3,0.5784,0.1928,0.7327758371829987,1,0,2,0,0,1,2,0,28,0.10714285714285714
2026-04-24 12:00:00+00:00,6,Security Risk / Exposure Management,medium,7,1.5078,0.2154,0.7243791733469281,1,2,4,0,0,0,2,0,28,0.25
2026-04-24 12:00:00+00:00,7,Cybersecurity Tools / Generic Discussion,low,3,-0.5267,-0.17556666666666665,0.6109130879243215,1,2,0,0,0,1,0,0,28,0.10714285714285714
2026-04-24 12:00:00+00:00,8,Microsoft / Privilege Escalation / Patch Exploitation,high,1,-0.1531,-0.1531,0.8827594518661499,1,0,0,0,0,1,0,0,28,0.03571428571428571
2026-04-24 12:00:00+00:00,9,Ransomware / Malware / Email Campaigns,high,2,0.3182,0.1591,0.5837419331073761,0,1,1,0,0,1,0,0,28,0.07142857142857142
2026-04-25 00:00:00+00:00,1,Command Execution / Payload Delivery,high,1,0.0,0.0,0.7561812996864319,0,1,0,0,0,0,0,0,15,0.06666666666666667
2026-04-25 00:00:00+00:00,2,Cybercrime / Fraud / Law Enforcement,medium,2,-0.2263,-0.11315,0.7386008501052856,1,1,0,0,0,0,0,0,15,0.13333333333333333
2026-04-25 00:00:00+00:00,4,Access Control / Process & API Abuse,medium,3,0.8339000000000001,0.2779666666666667,0.8175231218338013,0,1,2,0,0,3,0,0,15,0.2
2026-04-25 00:00:00+00:00,5,Exploit Tooling / Metasploit / RCE,high,3,-0.4658,-0.15526666666666666,0.9470157821973165,1,1,1,0,0,2,1,0,15,0.2
2026-04-25 00:00:00+00:00,6,Security Risk / Exposure Management,medium,3,0.10409999999999997,0.03469999999999999,0.5902406473954519,2,0,1,0,0,2,0,0,15,0.2
2026-04-25 00:00:00+00:00,7,Cybersecurity Tools / Generic Discussion,low,2,-0.2755,-0.13775,0.5572046637535095,1,0,1,0,0,2,0,0,15,0.13333333333333333
2026-04-25 00:00:00+00:00,8,Microsoft / Privilege Escalation / Patch Exploitation,high,1,-0.7783,-0.7783,0.923083484172821,1,0,0,0,0,0,1,0,15,0.06666666666666667
2026-04-25 12:00:00+00:00,0,Network Attacks / Device Access,medium,2,-1.3161999999999998,-0.6580999999999999,0.8338884115219116,2,0,0,0,0,2,0,0,7,0.2857142857142857
2026-04-25 12:00:00+00:00,1,Command Execution / Payload Delivery,high,2,0.0,0.0,0.7305110991001129,0,2,0,0,0,1,0,0,7,0.2857142857142857
2026-04-25 12:00:00+00:00,2,Cybercrime / Fraud / Law Enforcement,medium,1,0.0,0.0,0.6680603623390198,0,1,0,0,0,0,0,0,7,0.14285714285714285
2026-04-25 12:00:00+00:00,3,Memory Exploitation / Buffer & Heap Bugs,high,1,0.7514,0.7514,0.463906854391098,0,0,1,0,0,1,0,0,7,0.14285714285714285
2026-04-25 12:00:00+00:00,6,Security Risk / Exposure Management,medium,1,-0.2481,-0.2481,0.5810365080833435,1,0,0,0,0,1,0,0,7,0.14285714285714285
2026-04-26 00:00:00+00:00,0,Network Attacks / Device Access,medium,1,0.2584,0.2584,0.9513698816299438,0,0,1,0,0,0,0,0,6,0.16666666666666666
2026-04-26 00:00:00+00:00,1,Command Execution / Payload Delivery,high,2,0.0,0.0,0.7980736196041107,0,2,0,0,0,0,0,0,6,0.3333333333333333
2026-04-26 00:00:00+00:00,5,Exploit Tooling / Metasploit / RCE,high,1,-0.296,-0.296,0.7322292923927307,1,0,0,0,0,0,0,0,6,0.16666666666666666
2026-04-26 00:00:00+00:00,6,Security Risk / Exposure Management,medium,1,0.34,0.34,0.8841723799705505,0,0,1,0,0,0,0,0,6,0.16666666666666666
2026-04-26 00:00:00+00:00,7,Cybersecurity Tools / Generic Discussion,low,1,0.0,0.0,0.6703005433082581,0,1,0,0,0,1,0,0,6,0.16666666666666666
2026-04-26 12:00:00+00:00,0,Network Attacks / Device Access,medium,2,-0.5574,-0.2787,0.775850921869278,1,1,0,0,0,0,0,0,9,0.2222222222222222
2026-04-26 12:00:00+00:00,2,Cybercrime / Fraud / Law Enforcement,medium,1,0.0,0.0,0.8529031276702881,0,1,0,0,0,0,0,0,9,0.1111111111111111
2026-04-26 12:00:00+00:00,5,Exploit Tooling / Metasploit / RCE,high,1,0.9419,0.9419,0.5538130402565002,0,0,1,0,0,1,0,0,9,0.1111111111111111
2026-04-26 12:00:00+00:00,6,Security Risk / Exposure Management,medium,2,-0.09889999999999999,-0.049449999999999994,0.5603390634059906,1,0,1,0,0,1,0,0,9,0.2222222222222222
2026-04-26 12:00:00+00:00,7,Cybersecurity Tools / Generic Discussion,low,2,-0.2905,-0.14525,0.632063165307045,1,0,1,0,0,1,0,0,9,0.2222222222222222
2026-04-26 12:00:00+00:00,8,Microsoft / Privilege Escalation / Patch Exploitation,high,1,0.0,0.0,0.5718322396278381,0,1,0,0,0,0,0,0,9,0.1111111111111111
2026-04-27 00:00:00+00:00,0,Network Attacks / Device Access,medium,4,-1.6373,-0.409325,0.699080690741539,2,2,0,0,0,0,2,0,25,0.16
2026-04-27 00:00:00+00:00,1,Command Execution / Payload Delivery,high,4,0.0,0.0,0.7967814207077026,0,4,0,0,0,2,0,0,25,0.16
2026-04-27 00:00:00+00:00,2,Cybercrime / Fraud / Law Enforcement,medium,1,0.0,0.0,0.6679202318191528,0,1,0,0,0,0,0,0,25,0.04
2026-04-27 00:00:00+00:00,4,Access Control / Process & API Abuse,medium,2,-0.9827,-0.49135,0.7852068841457367,2,0,0,0,0,1,0,0,25,0.08
2026-04-27 00:00:00+00:00,5,Exploit Tooling / Metasploit / RCE,high,4,-0.34,-0.085,0.8141179606318474,1,3,0,0,0,3,0,0,25,0.16
2026-04-27 00:00:00+00:00,6,Security Risk / Exposure Management,medium,5,-0.8062,-0.16124,0.7385574698448181,3,1,1,0,0,2,1,0,25,0.2
2026-04-27 00:00:00+00:00,7,Cybersecurity Tools / Generic Discussion,low,2,-0.4767,-0.23835,0.936064213514328,1,1,0,0,0,0,1,0,25,0.08
2026-04-27 00:00:00+00:00,8,Microsoft / Privilege Escalation / Patch Exploitation,high,1,0.0,0.0,0.4931733310222626,0,1,0,0,0,1,0,0,25,0.04
2026-04-27 00:00:00+00:00,9,Ransomware / Malware / Email Campaigns,high,2,-0.7579,-0.37895,0.8475323617458344,1,1,0,0,0,1,0,0,25,0.08
2026-04-27 12:00:00+00:00,0,Network Attacks / Device Access,medium,8,-0.38,-0.0475,0.6729273609817028,2,4,2,0,0,1,1,0,40,0.2
2026-04-27 12:00:00+00:00,1,Command Execution / Payload Delivery,high,7,0.2318,0.033114285714285714,0.7566148638725281,1,5,1,0,0,5,0,0,40,0.175
2026-04-27 12:00:00+00:00,2,Cybercrime / Fraud / Law Enforcement,medium,7,-0.6812,-0.09731428571428571,0.7101153986794608,4,2,1,0,0,2,0,0,40,0.175
2026-04-27 12:00:00+00:00,4,Access Control / Process & API Abuse,medium,5,-0.9903,-0.19805999999999999,0.8002862811088562,3,0,2,0,0,3,1,0,40,0.125
2026-04-27 12:00:00+00:00,5,Exploit Tooling / Metasploit / RCE,high,4,-1.1325,-0.283125,0.7401989325881004,2,1,1,0,0,1,1,0,40,0.1
2026-04-27 12:00:00+00:00,6,Security Risk / Exposure Management,medium,5,-1.3567,-0.27134,0.6295962691307068,4,0,1,0,0,1,0,0,40,0.125
2026-04-27 12:00:00+00:00,7,Cybersecurity Tools / Generic Discussion,low,3,-1.6402,-0.5467333333333334,0.7575533390045166,3,0,0,0,0,0,2,0,40,0.075
2026-04-27 12:00:00+00:00,9,Ransomware / Malware / Email Campaigns,high,1,0.0,0.0,0.6478339433670044,0,1,0,0,0,1,0,0,40,0.025
2026-04-28 00:00:00+00:00,0,Network Attacks / Device Access,medium,6,-0.9937,-0.16561666666666666,0.7284409403800964,2,4,0,0,0,3,1,0,44,0.13636363636363635
2026-04-28 00:00:00+00:00,1,Command Execution / Payload Delivery,high,5,0.02479999999999999,0.004959999999999997,0.7760229229927063,1,3,1,0,0,2,0,0,44,0.11363636363636363
2026-04-28 00:00:00+00:00,2,Cybercrime / Fraud / Law Enforcement,medium,5,-1.2776,-0.25552,0.5419564664363861,4,1,0,0,0,1,1,0,44,0.11363636363636363
2026-04-28 00:00:00+00:00,5,Exploit Tooling / Metasploit / RCE,high,5,-0.7881,-0.15762,0.6641744494438171,3,2,0,0,0,4,1,0,44,0.11363636363636363
2026-04-28 00:00:00+00:00,6,Security Risk / Exposure Management,medium,10,2.1329000000000002,0.21329000000000004,0.6441085547208786,3,3,4,0,0,0,3,0,44,0.22727272727272727
2026-04-28 00:00:00+00:00,7,Cybersecurity Tools / Generic Discussion,low,4,1.0534,0.26335,0.6481504291296005,1,1,2,0,0,3,0,0,44,0.09090909090909091
2026-04-28 00:00:00+00:00,8,Microsoft / Privilege Escalation / Patch Exploitation,high,6,-0.24460000000000004,-0.04076666666666667,0.7020991941293081,4,1,1,0,0,2,3,0,44,0.13636363636363635
2026-04-28 00:00:00+00:00,9,Ransomware / Malware / Email Campaigns,high,3,0.43270000000000003,0.14423333333333335,0.5450975696245829,1,1,1,0,0,3,0,0,44,0.06818181818181818
2026-04-28 12:00:00+00:00,0,Network Attacks / Device Access,medium,21,-2.9166000000000003,-0.1388857142857143,0.7056392473833901,12,3,6,0,0,10,3,0,89,0.23595505617977527
2026-04-28 12:00:00+00:00,1,Command Execution / Payload Delivery,high,11,-1.7876,-0.1625090909090909,0.74697345495224,5,3,3,0,0,6,1,0,89,0.12359550561797752
2026-04-28 12:00:00+00:00,2,Cybercrime / Fraud / Law Enforcement,medium,10,-0.9750999999999999,-0.09750999999999999,0.6760860770940781,6,0,4,0,0,4,1,0,89,0.11235955056179775
2026-04-28 12:00:00+00:00,3,Memory Exploitation / Buffer & Heap Bugs,high,5,-0.31960000000000005,-0.06392,0.6664706826210022,1,2,2,0,0,2,0,0,89,0.056179775280898875
2026-04-28 12:00:00+00:00,5,Exploit Tooling / Metasploit / RCE,high,10,-0.39780000000000004,-0.03978,0.7182817846536637,3,4,3,0,0,8,2,0,89,0.11235955056179775
2026-04-28 12:00:00+00:00,6,Security Risk / Exposure Management,medium,11,2.1663,0.19693636363636366,0.6081955649636008,2,2,7,0,0,3,1,0,89,0.12359550561797752
2026-04-28 12:00:00+00:00,7,Cybersecurity Tools / Generic Discussion,low,12,3.1346000000000003,0.2612166666666667,0.6797092234094938,3,1,8,0,0,8,1,0,89,0.1348314606741573
2026-04-28 12:00:00+00:00,8,Microsoft / Privilege Escalation / Patch Exploitation,high,4,0.10120000000000007,0.025300000000000017,0.6522047072649002,2,0,2,0,0,2,2,0,89,0.0449438202247191
2026-04-28 12:00:00+00:00,9,Ransomware / Malware / Email Campaigns,high,5,-0.9756000000000001,-0.19512000000000002,0.8482757210731506,2,1,2,0,0,1,2,0,89,0.056179775280898875
2026-04-29 00:00:00+00:00,0,Network Attacks / Device Access,medium,15,3.3201,0.22134,0.7371088266372681,2,6,7,0,0,6,1,0,92,0.16304347826086957
2026-04-29 00:00:00+00:00,1,Command Execution / Payload Delivery,high,7,0.8364,0.11948571428571429,0.7681422318731036,2,1,4,0,0,4,1,0,92,0.07608695652173914
2026-04-29 00:00:00+00:00,2,Cybercrime / Fraud / Law Enforcement,medium,13,-2.0572999999999997,-0.15825384615384613,0.7265336307195517,5,6,2,0,0,6,0,0,92,0.14130434782608695
2026-04-29 00:00:00+00:00,3,Memory Exploitation / Buffer & Heap Bugs,high,2,-0.5423,-0.27115,0.5246549695730209,1,1,0,0,0,1,0,0,92,0.021739130434782608
2026-04-29 00:00:00+00:00,4,Access Control / Process & API Abuse,medium,6,1.4388,0.2398,0.6820148130257925,2,1,3,0,0,3,0,0,92,0.06521739130434782
2026-04-29 00:00:00+00:00,5,Exploit Tooling / Metasploit / RCE,high,5,1.7711000000000001,0.35422000000000003,0.7921207070350647,0,3,2,0,0,4,0,0,92,0.05434782608695652
2026-04-29 00:00:00+00:00,6,Security Risk / Exposure Management,medium,19,0.371,0.019526315789473683,0.6867776152334715,9,2,8,0,0,5,1,0,92,0.20652173913043478
2026-04-29 00:00:00+00:00,7,Cybersecurity Tools / Generic Discussion,low,18,5.6684,0.31491111111111114,0.7378400895330641,4,2,12,0,0,15,1,0,92,0.1956521739130435
2026-04-29 00:00:00+00:00,8,Microsoft / Privilege Escalation / Patch Exploitation,high,4,-1.7911000000000001,-0.44777500000000003,0.8839225023984909,4,0,0,0,0,1,3,0,92,0.043478260869565216
2026-04-29 00:00:00+00:00,9,Ransomware / Malware / Email Campaigns,high,3,0.504,0.168,0.8568901618321737,0,2,1,0,0,2,0,0,92,0.03260869565217391
2026-04-29 12:00:00+00:00,0,Network Attacks / Device Access,medium,23,-2.6086,-0.11341739130434783,0.6805451719657235,12,6,5,0,0,6,1,0,122,0.1885245901639344
2026-04-29 12:00:00+00:00,1,Command Execution / Payload Delivery,high,12,-1.6648,-0.13873333333333335,0.5638923272490501,5,4,3,0,0,6,1,0,122,0.09836065573770492
2026-04-29 12:00:00+00:00,2,Cybercrime / Fraud / Law Enforcement,medium,19,-0.9744999999999999,-0.051289473684210524,0.6792756444529483,8,6,5,0,0,6,1,0,122,0.1557377049180328
2026-04-29 12:00:00+00:00,3,Memory Exploitation / Buffer & Heap Bugs,high,3,0.7064999999999999,0.23549999999999996,0.6010695894559225,1,0,2,0,0,2,0,0,122,0.02459016393442623
2026-04-29 12:00:00+00:00,4,Access Control / Process & API Abuse,medium,5,-1.117,-0.2234,0.6930737495422363,3,0,2,0,0,2,1,0,122,0.040983606557377046
2026-04-29 12:00:00+00:00,5,Exploit Tooling / Metasploit / RCE,high,7,0.10029999999999994,0.014328571428571421,0.8232263837541852,2,2,3,0,0,3,3,0,122,0.05737704918032787
2026-04-29 12:00:00+00:00,6,Security Risk / Exposure Management,medium,18,0.6131000000000001,0.03406111111111112,0.7450895094209247,9,1,8,0,0,2,2,0,122,0.14754098360655737
2026-04-29 12:00:00+00:00,7,Cybersecurity Tools / Generic Discussion,low,22,-2.5968,-0.11803636363636363,0.7667275165969675,11,2,9,0,0,10,6,0,122,0.18032786885245902
2026-04-29 12:00:00+00:00,8,Microsoft / Privilege Escalation / Patch Exploitation,high,1,0.6,0.6,0.3784995973110199,0,0,1,0,0,1,0,0,122,0.00819672131147541
2026-04-29 12:00:00+00:00,9,Ransomware / Malware / Email Campaigns,high,12,-1.9612,-0.16343333333333335,0.7736120546857516,6,4,2,0,0,3,0,0,122,0.09836065573770492
2026-04-30 00:00:00+00:00,0,Network Attacks / Device Access,medium,25,-2.9172000000000002,-0.11668800000000001,0.6646048641204834,15,4,6,0,0,6,0,0,196,0.12755102040816327
2026-04-30 00:00:00+00:00,1,Command Execution / Payload Delivery,high,16,1.0776,0.06735,0.5813507754355669,3,7,6,0,0,10,2,0,196,0.08163265306122448
2026-04-30 00:00:00+00:00,2,Cybercrime / Fraud / Law Enforcement,medium,29,-1.101,-0.03796551724137931,0.6850484774030489,12,9,8,0,0,7,1,0,196,0.14795918367346939
2026-04-30 00:00:00+00:00,3,Memory Exploitation / Buffer & Heap Bugs,high,5,-1.5926,-0.31852,0.6363912284374237,3,1,1,0,0,4,0,0,196,0.025510204081632654
2026-04-30 00:00:00+00:00,4,Access Control / Process & API Abuse,medium,16,-0.7992,-0.04995,0.6682590842247009,5,8,3,0,0,5,0,0,196,0.08163265306122448
2026-04-30 00:00:00+00:00,5,Exploit Tooling / Metasploit / RCE,high,10,0.9627999999999999,0.09627999999999999,0.798094117641449,1,7,2,0,0,3,0,0,196,0.05102040816326531
2026-04-30 00:00:00+00:00,6,Security Risk / Exposure Management,medium,26,3.4465,0.1325576923076923,0.5952165310199444,7,7,12,0,0,8,0,0,196,0.1326530612244898
2026-04-30 00:00:00+00:00,7,Cybersecurity Tools / Generic Discussion,low,38,-1.7577,-0.04625526315789474,0.7036490040390115,14,14,10,0,0,14,1,0,196,0.19387755102040816
2026-04-30 00:00:00+00:00,8,Microsoft / Privilege Escalation / Patch Exploitation,high,16,0.5864000000000001,0.03665000000000001,0.6373928058892488,6,1,9,0,0,4,2,0,196,0.08163265306122448
2026-04-30 00:00:00+00:00,9,Ransomware / Malware / Email Campaigns,high,15,1.08,0.07200000000000001,0.7659913221995036,1,8,6,0,0,4,0,0,196,0.07653061224489796
2026-04-30 12:00:00+00:00,0,Network Attacks / Device Access,medium,55,-0.5519000000000002,-0.010034545454545457,0.5755164628679103,20,16,19,0,0,23,4,0,221,0.248868778280543
2026-04-30 12:00:00+00:00,1,Command Execution / Payload Delivery,high,13,2.1214,0.16318461538461537,0.48953256469506484,3,4,6,0,0,5,1,0,221,0.058823529411764705
2026-04-30 12:00:00+00:00,2,Cybercrime / Fraud / Law Enforcement,medium,28,1.4134000000000002,0.050478571428571435,0.6201537187610354,8,10,10,0,0,7,1,0,221,0.12669683257918551
2026-04-30 12:00:00+00:00,3,Memory Exploitation / Buffer & Heap Bugs,high,6,0.17500000000000004,0.029166666666666674,0.4537353763977687,2,2,2,0,0,4,0,0,221,0.027149321266968326
2026-04-30 12:00:00+00:00,4,Access Control / Process & API Abuse,medium,8,-0.46580000000000005,-0.058225000000000006,0.5204356834292412,3,1,4,0,0,2,2,0,221,0.03619909502262444
2026-04-30 12:00:00+00:00,5,Exploit Tooling / Metasploit / RCE,high,8,-0.5821999999999999,-0.07277499999999999,0.6498068086802959,1,6,1,0,0,1,0,0,221,0.03619909502262444
2026-04-30 12:00:00+00:00,6,Security Risk / Exposure Management,medium,44,6.693,0.15211363636363637,0.587073506618088,14,11,19,0,0,18,1,0,221,0.19909502262443438
2026-04-30 12:00:00+00:00,7,Cybersecurity Tools / Generic Discussion,low,37,1.3277,0.03588378378378378,0.6075603116202999,11,16,10,0,0,12,1,0,221,0.167420814479638
2026-04-30 12:00:00+00:00,8,Microsoft / Privilege Escalation / Patch Exploitation,high,6,-0.1287,-0.02145,0.7089401682217916,2,3,1,0,0,0,1,0,221,0.027149321266968326
2026-04-30 12:00:00+00:00,9,Ransomware / Malware / Email Campaigns,high,16,0.7593,0.04745625,0.5387607458978891,3,8,5,0,0,3,1,0,221,0.07239819004524888
2026-05-01 00:00:00+00:00,0,Network Attacks / Device Access,medium,40,-10.8186,-0.270465,0.6574382483959198,25,8,7,0,0,12,2,0,195,0.20512820512820512
2026-05-01 00:00:00+00:00,1,Command Execution / Payload Delivery,high,18,-0.6286000000000002,-0.03492222222222223,0.5111871759096781,6,7,5,0,0,10,1,0,195,0.09230769230769231
2026-05-01 00:00:00+00:00,2,Cybercrime / Fraud / Law Enforcement,medium,33,-2.1252999999999997,-0.0644030303030303,0.6185968301512978,15,10,8,0,0,5,0,0,195,0.16923076923076924
2026-05-01 00:00:00+00:00,3,Memory Exploitation / Buffer & Heap Bugs,high,4,1.0981,0.274525,0.6094421595335007,0,2,2,0,0,2,0,0,195,0.020512820512820513
2026-05-01 00:00:00+00:00,4,Access Control / Process & API Abuse,medium,14,-0.5762,-0.04115714285714286,0.5487424518380847,6,3,5,0,0,3,1,0,195,0.07179487179487179
2026-05-01 00:00:00+00:00,5,Exploit Tooling / Metasploit / RCE,high,13,-0.7181,-0.055238461538461535,0.7509415608185989,7,5,1,0,0,1,0,0,195,0.06666666666666667
2026-05-01 00:00:00+00:00,6,Security Risk / Exposure Management,medium,31,1.5879,0.051222580645161296,0.5932316520521718,9,10,12,0,0,8,1,0,195,0.15897435897435896
2026-05-01 00:00:00+00:00,7,Cybersecurity Tools / Generic Discussion,low,22,3.9149,0.17795,0.5465609885074876,6,6,10,0,0,7,0,0,195,0.11282051282051282
2026-05-01 00:00:00+00:00,8,Microsoft / Privilege Escalation / Patch Exploitation,high,9,0.6568,0.07297777777777778,0.572580443488227,1,4,4,0,0,1,1,0,195,0.046153846153846156
2026-05-01 00:00:00+00:00,9,Ransomware / Malware / Email Campaigns,high,11,-1.8006,-0.16369090909090908,0.6050828451460059,3,8,0,0,0,1,0,0,195,0.05641025641025641
2026-05-01 12:00:00+00:00,0,Network Attacks / Device Access,medium,49,2.9088000000000003,0.05936326530612245,0.5682100167079848,17,13,19,0,0,23,6,0,213,0.2300469483568075
2026-05-01 12:00:00+00:00,1,Command Execution / Payload Delivery,high,18,1.0045,0.05580555555555555,0.5773065901464887,6,4,8,0,0,9,1,0,213,0.08450704225352113
2026-05-01 12:00:00+00:00,2,Cybercrime / Fraud / Law Enforcement,medium,31,-2.9857,-0.09631290322580645,0.4946455455595447,14,8,9,0,0,12,0,0,213,0.14553990610328638
2026-05-01 12:00:00+00:00,3,Memory Exploitation / Buffer & Heap Bugs,high,6,0.11870000000000003,0.019783333333333337,0.37040528406699497,3,1,2,0,0,4,0,0,213,0.028169014084507043
2026-05-01 12:00:00+00:00,4,Access Control / Process & API Abuse,medium,5,-2.324,-0.4648,0.5148943483829498,3,2,0,0,0,2,0,0,213,0.023474178403755867
2026-05-01 12:00:00+00:00,5,Exploit Tooling / Metasploit / RCE,high,8,0.1811,0.0226375,0.5237195715308189,1,5,2,0,0,2,1,0,213,0.03755868544600939
2026-05-01 12:00:00+00:00,6,Security Risk / Exposure Management,medium,38,7.8433,0.20640263157894737,0.5773285815590307,10,12,16,0,0,15,2,0,213,0.1784037558685446
2026-05-01 12:00:00+00:00,7,Cybersecurity Tools / Generic Discussion,low,32,3.3929,0.106028125,0.5409511467441916,12,6,14,0,0,19,0,0,213,0.15023474178403756
2026-05-01 12:00:00+00:00,8,Microsoft / Privilege Escalation / Patch Exploitation,high,7,-0.3393,-0.04847142857142857,0.6909734777041844,2,3,2,0,0,0,1,0,213,0.03286384976525822
2026-05-01 12:00:00+00:00,9,Ransomware / Malware / Email Campaigns,high,19,-3.1602,-0.16632631578947368,0.6392238845950678,9,9,1,0,0,2,0,0,213,0.0892018779342723
2026-05-02 00:00:00+00:00,0,Network Attacks / Device Access,medium,33,0.07489999999999997,0.002269696969696969,0.6436460523894338,10,16,7,0,0,9,1,0,193,0.17098445595854922
2026-05-02 00:00:00+00:00,1,Command Execution / Payload Delivery,high,14,-0.4548999999999999,-0.032492857142857136,0.527830251625606,5,6,3,0,0,6,0,0,193,0.07253886010362694
2026-05-02 00:00:00+00:00,2,Cybercrime / Fraud / Law Enforcement,medium,31,-3.3973,-0.10959032258064516,0.6576939225196838,12,14,5,0,0,3,0,0,193,0.16062176165803108
2026-05-02 00:00:00+00:00,3,Memory Exploitation / Buffer & Heap Bugs,high,11,-2.2553,-0.20502727272727272,0.5286024646325544,6,3,2,0,0,4,0,0,193,0.05699481865284974
2026-05-02 00:00:00+00:00,4,Access Control / Process & API Abuse,medium,6,-0.8113,-0.13521666666666668,0.6561906288067499,3,3,0,0,0,1,0,0,193,0.031088082901554404
2026-05-02 00:00:00+00:00,5,Exploit Tooling / Metasploit / RCE,high,11,-0.6359,-0.057809090909090914,0.5122865628112446,1,9,1,0,0,1,0,0,193,0.05699481865284974
2026-05-02 00:00:00+00:00,6,Security Risk / Exposure Management,medium,37,1.2534,0.033875675675675676,0.5843173136582246,9,17,11,0,0,7,1,0,193,0.19170984455958548
2026-05-02 00:00:00+00:00,7,Cybersecurity Tools / Generic Discussion,low,29,2.9229000000000003,0.1007896551724138,0.5374723713973473,6,15,8,0,0,10,0,0,193,0.15025906735751296
2026-05-02 00:00:00+00:00,8,Microsoft / Privilege Escalation / Patch Exploitation,high,7,-0.6961999999999999,-0.09945714285714284,0.6413399832589286,3,4,0,0,0,1,0,0,193,0.03626943005181347
2026-05-02 00:00:00+00:00,9,Ransomware / Malware / Email Campaigns,high,14,-0.0739,-0.0052785714285714285,0.6082035111529487,3,8,3,0,0,5,0,0,193,0.07253886010362694
2026-05-02 12:00:00+00:00,0,Network Attacks / Device Access,medium,38,6.1685,0.16232894736842104,0.6159519286532151,8,12,18,0,0,15,2,0,153,0.24836601307189543
2026-05-02 12:00:00+00:00,1,Command Execution / Payload Delivery,high,11,-0.2837,-0.02579090909090909,0.52306114543568,3,4,4,0,0,6,0,0,153,0.0718954248366013
2026-05-02 12:00:00+00:00,2,Cybercrime / Fraud / Law Enforcement,medium,18,-0.069,-0.0038333333333333336,0.5818831109338336,4,10,4,0,0,3,0,0,153,0.11764705882352941
2026-05-02 12:00:00+00:00,3,Memory Exploitation / Buffer & Heap Bugs,high,6,-1.3158,-0.21930000000000002,0.49871501823266345,3,2,1,0,0,1,0,0,153,0.0392156862745098
2026-05-02 12:00:00+00:00,4,Access Control / Process & API Abuse,medium,6,2.9875,0.4979166666666666,0.5978096177180608,0,1,5,0,0,2,0,0,153,0.0392156862745098
2026-05-02 12:00:00+00:00,5,Exploit Tooling / Metasploit / RCE,high,10,-1.8984,-0.18984,0.6181687474250793,4,6,0,0,0,4,0,0,153,0.06535947712418301
2026-05-02 12:00:00+00:00,6,Security Risk / Exposure Management,medium,16,1.3109,0.08193125,0.5446741245687008,5,3,8,0,0,10,0,0,153,0.10457516339869281
2026-05-02 12:00:00+00:00,7,Cybersecurity Tools / Generic Discussion,low,28,2.9305999999999996,0.1046642857142857,0.5747484107102666,5,11,12,0,0,15,0,0,153,0.1830065359477124
2026-05-02 12:00:00+00:00,8,Microsoft / Privilege Escalation / Patch Exploitation,high,7,0.48109999999999997,0.06872857142857143,0.5706412025860378,1,4,2,0,0,1,0,0,153,0.0457516339869281
2026-05-02 12:00:00+00:00,9,Ransomware / Malware / Email Campaigns,high,13,-0.07209999999999994,-0.005546153846153841,0.6089256933102241,3,8,2,0,0,5,0,0,153,0.08496732026143791
2026-05-03 00:00:00+00:00,0,Network Attacks / Device Access,medium,21,-1.4413,-0.06863333333333334,0.6466585922808874,9,6,6,0,0,10,0,0,125,0.168
2026-05-03 00:00:00+00:00,1,Command Execution / Payload Delivery,high,9,-1.9657,-0.2184111111111111,0.5133770240677727,4,4,1,0,0,6,0,0,125,0.072
2026-05-03 00:00:00+00:00,2,Cybercrime / Fraud / Law Enforcement,medium,23,-2.4855,-0.10806521739130436,0.6744807893815248,8,10,5,0,0,6,0,0,125,0.184
2026-05-03 00:00:00+00:00,3,Memory Exploitation / Buffer & Heap Bugs,high,4,-1.9745,-0.493625,0.6097618192434311,3,1,0,0,0,2,0,0,125,0.032
2026-05-03 00:00:00+00:00,4,Access Control / Process & API Abuse,medium,10,0.9477000000000001,0.09477000000000001,0.6748107492923736,2,2,6,0,0,4,0,0,125,0.08
2026-05-03 00:00:00+00:00,5,Exploit Tooling / Metasploit / RCE,high,11,0.4065,0.036954545454545455,0.5795868337154388,1,8,2,0,0,3,0,0,125,0.088
2026-05-03 00:00:00+00:00,6,Security Risk / Exposure Management,medium,21,-0.46199999999999997,-0.022,0.5730120397749401,7,7,7,0,0,9,0,0,125,0.168
2026-05-03 00:00:00+00:00,7,Cybersecurity Tools / Generic Discussion,low,18,1.3973,0.07762777777777778,0.6034993264410231,3,11,4,0,0,7,0,0,125,0.144
2026-05-03 00:00:00+00:00,8,Microsoft / Privilege Escalation / Patch Exploitation,high,4,0.44389999999999996,0.11097499999999999,0.7017464488744736,1,2,1,0,0,1,1,0,125,0.032
2026-05-03 00:00:00+00:00,9,Ransomware / Malware / Email Campaigns,high,4,0.7089,0.177225,0.5860466584563255,0,3,1,0,0,1,0,0,125,0.032
2026-05-03 12:00:00+00:00,0,Network Attacks / Device Access,medium,32,2.479,0.07746875,0.6264434736222029,8,12,12,0,0,12,1,0,168,0.19047619047619047
2026-05-03 12:00:00+00:00,1,Command Execution / Payload Delivery,high,16,-1.0972999999999997,-0.06858124999999998,0.5225723190233111,7,2,7,0,0,9,1,0,168,0.09523809523809523
2026-05-03 12:00:00+00:00,2,Cybercrime / Fraud / Law Enforcement,medium,21,-0.4912,-0.02339047619047619,0.6071724416244597,7,8,6,0,0,2,0,0,168,0.125
2026-05-03 12:00:00+00:00,3,Memory Exploitation / Buffer & Heap Bugs,high,3,-0.10349999999999993,-0.034499999999999975,0.46987035870552063,1,1,1,0,0,2,0,0,168,0.017857142857142856
2026-05-03 12:00:00+00:00,4,Access Control / Process & API Abuse,medium,7,-0.4895,-0.06992857142857142,0.5835148096084595,3,3,1,0,0,2,0,0,168,0.041666666666666664
2026-05-03 12:00:00+00:00,5,Exploit Tooling / Metasploit / RCE,high,13,-1.1478000000000002,-0.0882923076923077,0.6335221345608051,4,8,1,0,0,1,0,0,168,0.07738095238095238
2026-05-03 12:00:00+00:00,6,Security Risk / Exposure Management,medium,24,4.9609000000000005,0.2067041666666667,0.6146414118508498,7,4,13,0,0,5,0,0,168,0.14285714285714285
2026-05-03 12:00:00+00:00,7,Cybersecurity Tools / Generic Discussion,low,34,2.7202,0.08000588235294118,0.5533156824462554,7,16,11,0,0,13,1,0,168,0.20238095238095238
2026-05-03 12:00:00+00:00,8,Microsoft / Privilege Escalation / Patch Exploitation,high,5,-0.5746,-0.11492,0.6687174081802368,2,3,0,0,0,0,1,0,168,0.02976190476190476
2026-05-03 12:00:00+00:00,9,Ransomware / Malware / Email Campaigns,high,13,2.4409,0.18776153846153848,0.5929238991095469,1,7,5,0,0,5,0,0,168,0.07738095238095238
2026-05-04 00:00:00+00:00,0,Network Attacks / Device Access,medium,42,-0.9873999999999999,-0.023509523809523807,0.5823875403120404,18,14,10,0,0,18,4,0,138,0.30434782608695654
2026-05-04 00:00:00+00:00,1,Command Execution / Payload Delivery,high,10,1.6108,0.16108,0.48733978867530825,2,4,4,0,0,10,0,0,138,0.07246376811594203
2026-05-04 00:00:00+00:00,2,Cybercrime / Fraud / Law Enforcement,medium,20,-1.1519,-0.05759499999999999,0.6443611018359661,8,6,6,0,0,5,0,0,138,0.14492753623188406
2026-05-04 00:00:00+00:00,3,Memory Exploitation / Buffer & Heap Bugs,high,2,-1.0105,-0.50525,0.6598703265190125,2,0,0,0,0,2,0,0,138,0.014492753623188406
2026-05-04 00:00:00+00:00,4,Access Control / Process & API Abuse,medium,12,-0.47090000000000004,-0.03924166666666667,0.5788382018605868,4,3,5,0,0,4,0,0,138,0.08695652173913043
2026-05-04 00:00:00+00:00,5,Exploit Tooling / Metasploit / RCE,high,12,-0.7673000000000001,-0.06394166666666667,0.5298001592357954,2,8,2,0,0,11,0,0,138,0.08695652173913043
2026-05-04 00:00:00+00:00,6,Security Risk / Exposure Management,medium,15,3.6357,0.24237999999999998,0.5763119995594025,3,5,7,0,0,7,0,0,138,0.10869565217391304
2026-05-04 00:00:00+00:00,7,Cybersecurity Tools / Generic Discussion,low,17,0.7258,0.04269411764705883,0.5563585512778338,6,6,5,0,0,9,0,0,138,0.12318840579710146
2026-05-04 00:00:00+00:00,8,Microsoft / Privilege Escalation / Patch Exploitation,high,7,-2.1906,-0.31294285714285713,0.5319804038320269,5,0,2,0,0,1,2,0,138,0.050724637681159424
2026-05-04 00:00:00+00:00,9,Ransomware / Malware / Email Campaigns,high,1,0.34,0.34,0.4916003346443176,0,0,1,0,0,1,0,0,138,0.007246376811594203
2026-05-04 12:00:00+00:00,0,Network Attacks / Device Access,medium,46,-1.4753,-0.03207173913043478,0.5757048913966054,18,11,17,0,0,19,5,0,209,0.22009569377990432
2026-05-04 12:00:00+00:00,1,Command Execution / Payload Delivery,high,16,3.0565,0.19103125,0.547654939815402,4,6,6,0,0,4,4,0,209,0.07655502392344497
2026-05-04 12:00:00+00:00,2,Cybercrime / Fraud / Law Enforcement,medium,35,-1.4176,-0.04050285714285714,0.5949088743754796,11,16,8,0,0,9,0,0,209,0.1674641148325359
2026-05-04 12:00:00+00:00,3,Memory Exploitation / Buffer & Heap Bugs,high,7,-0.023700000000000054,-0.0033857142857142935,0.561079604285104,2,2,3,0,0,3,0,0,209,0.03349282296650718
2026-05-04 12:00:00+00:00,4,Access Control / Process & API Abuse,medium,10,1.6382,0.16382000000000002,0.5681340217590332,2,3,5,0,0,2,0,0,209,0.04784688995215311
2026-05-04 12:00:00+00:00,5,Exploit Tooling / Metasploit / RCE,high,12,-1.6223999999999998,-0.1352,0.6196488067507744,4,8,0,0,0,2,1,0,209,0.05741626794258373
2026-05-04 12:00:00+00:00,6,Security Risk / Exposure Management,medium,30,10.9353,0.36451,0.6300052662690481,6,5,19,0,0,11,1,0,209,0.14354066985645933
2026-05-04 12:00:00+00:00,7,Cybersecurity Tools / Generic Discussion,low,30,1.4045,0.046816666666666666,0.5778857986132304,8,14,8,0,0,13,1,0,209,0.14354066985645933
2026-05-04 12:00:00+00:00,8,Microsoft / Privilege Escalation / Patch Exploitation,high,11,-0.44389999999999996,-0.04035454545454545,0.7074811079285361,3,5,3,0,0,2,0,0,209,0.05263157894736842
2026-05-04 12:00:00+00:00,9,Ransomware / Malware / Email Campaigns,high,12,-1.3396,-0.11163333333333332,0.5575081159671148,3,7,2,0,0,2,0,0,209,0.05741626794258373
2026-05-05 00:00:00+00:00,0,Network Attacks / Device Access,medium,15,-0.6348,-0.04232,0.6425522943337758,4,7,4,0,0,0,0,0,78,0.19230769230769232
2026-05-05 00:00:00+00:00,1,Command Execution / Payload Delivery,high,2,-0.12190000000000001,-0.060950000000000004,0.8396295309066772,1,0,1,0,0,0,0,0,78,0.02564102564102564
2026-05-05 00:00:00+00:00,2,Cybercrime / Fraud / Law Enforcement,medium,14,-3.7203,-0.2657357142857143,0.6057567085538592,9,4,1,0,0,4,0,0,78,0.1794871794871795
2026-05-05 00:00:00+00:00,4,Access Control / Process & API Abuse,medium,5,-0.2715000000000001,-0.054300000000000015,0.5307648241519928,2,1,2,0,0,1,0,0,78,0.0641025641025641
2026-05-05 00:00:00+00:00,5,Exploit Tooling / Metasploit / RCE,high,8,-0.3975999999999999,-0.04969999999999999,0.6968892738223076,3,4,1,0,0,1,0,0,78,0.10256410256410256
2026-05-05 00:00:00+00:00,6,Security Risk / Exposure Management,medium,14,-0.04609999999999996,-0.00329285714285714,0.6567309200763702,4,4,6,0,0,1,0,0,78,0.1794871794871795
2026-05-05 00:00:00+00:00,7,Cybersecurity Tools / Generic Discussion,low,17,-1.6391999999999998,-0.09642352941176469,0.6681923568248749,4,13,0,0,0,0,0,0,78,0.21794871794871795
2026-05-05 00:00:00+00:00,9,Ransomware / Malware / Email Campaigns,high,3,0.9083,0.3027666666666667,0.49578150113423664,0,2,1,0,0,1,0,0,78,0.038461538461538464
